/Users/cesarluisjaitmanlabaton/Desktop/IMG/center_2017_09_26_10_17_45_479.jpg,/Users/cesarluisjaitmanlabaton/Desktop/IMG/left_2017_09_26_10_17_45_479.jpg,/Users/cesarluisjaitmanlabaton/Desktop/IMG/right_2017_09_26_10_17_45_479.jpg,-0.4632223,0,0,2.720149
/Users/cesarluisjaitmanlabaton/Desktop/IMG/center_2017_09_26_10_17_45_569.jpg,/Users/cesarluisjaitmanlabaton/Desktop/IMG/left_2017_09_26_10_17_45_569.jpg,/Users/cesarluisjaitmanlabaton/Desktop/IMG/right_2017_09_26_10_17_45_569.jpg,-0.4694133,0,0,2.691758
/Users/cesarluisjaitmanlabaton/Desktop/IMG/center_2017_09_26_10_17_45_729.jpg,/Users/cesarluisjaitmanlabaton/Desktop/IMG/left_2017_09_26_10_17_45_729.jpg,/Users/cesarluisjaitmanlabaton/Desktop/IMG/right_2017_09_26_10_17_45_729.jpg,-0.4694133,0,0,2.647454
/Users/cesarluisjaitmanlabaton/Desktop/IMG/center_2017_09_26_10_17_45_852.jpg,/Users/cesarluisjaitmanlabaton/Desktop/IMG/left_2017_09_26_10_17_45_852.jpg,/Users/cesarluisjaitmanlabaton/Desktop/IMG/right_2017_09_26_10_17_45_852.jpg,-0.4694133,0,0,2.614706
/Users/cesarluisjaitmanlabaton/Desktop/IMG/center_2017_09_26_10_17_45_947.jpg,/Users/cesarluisjaitmanlabaton/Desktop/IMG/left_2017_09_26_10_17_45_947.jpg,/Users/cesarluisjaitmanlabaton/Desktop/IMG/right_2017_09_26_10_17_45_947.jpg,-0.4694133,0.284013,0,2.91831
/Users/cesarluisjaitmanlabaton/Desktop/IMG/center_2017_09_26_10_17_46_107.jpg,/Users/cesarluisjaitmanlabaton/Desktop/IMG/left_2017_09_26_10_17_46_107.jpg,/Users/cesarluisjaitmanlabaton/Desktop/IMG/right_2017_09_26_10_17_46_107.jpg,-0.4694133,0.7618319,0,4.323633
/Users/cesarluisjaitmanlabaton/Desktop/IMG/center_2017_09_26_10_17_46_280.jpg,/Users/cesarluisjaitmanlabaton/Desktop/IMG/left_2017_09_26_10_17_46_280.jpg,/Users/cesarluisjaitmanlabaton/Desktop/IMG/right_2017_09_26_10_17_46_280.jpg,-0.4725088,1,0,6.329477
/Users/cesarluisjaitmanlabaton/Desktop/IMG/center_2017_09_26_10_17_46_422.jpg,/Users/cesarluisjaitmanlabaton/Desktop/IMG/left_2017_09_26_10_17_46_422.jpg,/Users/cesarluisjaitmanlabaton/Desktop/IMG/right_2017_09_26_10_17_46_422.jpg,-0.4725088,1,0,7.916129
/Users/cesarluisjaitmanlabaton/Desktop/IMG/center_2017_09_26_10_17_46_492.jpg,/Users/cesarluisjaitmanlabaton/Desktop/IMG/left_2017_09_26_10_17_46_492.jpg,/Users/cesarluisjaitmanlabaton/Desktop/IMG/right_2017_09_26_10_17_46_492.jpg,-0.479179,1,0,8.588592
/Users/cesarluisjaitmanlabaton/Desktop/IMG/center_2017_09_26_10_17_46_568.jpg,/Users/cesarluisjaitmanlabaton/Desktop/IMG/left_2017_09_26_10_17_46_568.jpg,/Users/cesarluisjaitmanlabaton/Desktop/IMG/right_2017_09_26_10_17_46_568.jpg,-0.491561,1,0,9.477522
/Users/cesarluisjaitmanlabaton/Desktop/IMG/center_2017_09_26_10_17_46_708.jpg,/Users/cesarluisjaitmanlabaton/Desktop/IMG/left_2017_09_26_10_17_46_708.jpg,/Users/cesarluisjaitmanlabaton/Desktop/IMG/right_2017_09_26_10_17_46_708.jpg,-0.491561,1,0,11.01892
/Users/cesarluisjaitmanlabaton/Desktop/IMG/center_2017_09_26_10_17_46_776.jpg,/Users/cesarluisjaitmanlabaton/Desktop/IMG/left_2017_09_26_10_17_46_776.jpg,/Users/cesarluisjaitmanlabaton/Desktop/IMG/right_2017_09_26_10_17_46_776.jpg,-0.491561,0.7946381,0,11.62544
/Users/cesarluisjaitmanlabaton/Desktop/IMG/center_2017_09_26_10_17_46_893.jpg,/Users/cesarluisjaitmanlabaton/Desktop/IMG/left_2017_09_26_10_17_46_893.jpg,/Users/cesarluisjaitmanlabaton/Desktop/IMG/right_2017_09_26_10_17_46_893.jpg,-0.491561,0.5872661,0,12.01482
/Users/cesarluisjaitmanlabaton/Desktop/IMG/center_2017_09_26_10_17_46_964.jpg,/Users/cesarluisjaitmanlabaton/Desktop/IMG/left_2017_09_26_10_17_46_964.jpg,/Users/cesarluisjaitmanlabaton/Desktop/IMG/right_2017_09_26_10_17_46_964.jpg,-0.491561,0.362008,0,12.16601
/Users/cesarluisjaitmanlabaton/Desktop/IMG/center_2017_09_26_10_17_47_078.jpg,/Users/cesarluisjaitmanlabaton/Desktop/IMG/left_2017_09_26_10_17_47_078.jpg,/Users/cesarluisjaitmanlabaton/Desktop/IMG/right_2017_09_26_10_17_47_078.jpg,-0.4762677,0.04024303,0,12.37603
/Users/cesarluisjaitmanlabaton/Desktop/IMG/center_2017_09_26_10_17_47_162.jpg,/Users/cesarluisjaitmanlabaton/Desktop/IMG/left_2017_09_26_10_17_47_162.jpg,/Users/cesarluisjaitmanlabaton/Desktop/IMG/right_2017_09_26_10_17_47_162.jpg,-0.464033,0,0,12.28857
/Users/cesarluisjaitmanlabaton/Desktop/IMG/center_2017_09_26_10_17_47_294.jpg,/Users/cesarluisjaitmanlabaton/Desktop/IMG/left_2017_09_26_10_17_47_294.jpg,/Users/cesarluisjaitmanlabaton/Desktop/IMG/right_2017_09_26_10_17_47_294.jpg,-0.4517983,0,0,12.14614
/Users/cesarluisjaitmanlabaton/Desktop/IMG/center_2017_09_26_10_17_47_406.jpg,/Users/cesarluisjaitmanlabaton/Desktop/IMG/left_2017_09_26_10_17_47_406.jpg,/Users/cesarluisjaitmanlabaton/Desktop/IMG/right_2017_09_26_10_17_47_406.jpg,-0.4487396,0,0,11.7272
/Users/cesarluisjaitmanlabaton/Desktop/IMG/center_2017_09_26_10_17_47_506.jpg,/Users/cesarluisjaitmanlabaton/Desktop/IMG/left_2017_09_26_10_17_47_506.jpg,/Users/cesarluisjaitmanlabaton/Desktop/IMG/right_2017_09_26_10_17_47_506.jpg,-0.4487396,0,0,11.5378
/Users/cesarluisjaitmanlabaton/Desktop/IMG/center_2017_09_26_10_17_47_601.jpg,/Users/cesarluisjaitmanlabaton/Desktop/IMG/left_2017_09_26_10_17_47_601.jpg,/Users/cesarluisjaitmanlabaton/Desktop/IMG/right_2017_09_26_10_17_47_601.jpg,-0.4487396,0,0,11.50263
/Users/cesarluisjaitmanlabaton/Desktop/IMG/center_2017_09_26_10_17_47_674.jpg,/Users/cesarluisjaitmanlabaton/Desktop/IMG/left_2017_09_26_10_17_47_674.jpg,/Users/cesarluisjaitmanlabaton/Desktop/IMG/right_2017_09_26_10_17_47_674.jpg,-0.419148,0,0,11.60908
/Users/cesarluisjaitmanlabaton/Desktop/IMG/center_2017_09_26_10_17_47_748.jpg,/Users/cesarluisjaitmanlabaton/Desktop/IMG/left_2017_09_26_10_17_47_748.jpg,/Users/cesarluisjaitmanlabaton/Desktop/IMG/right_2017_09_26_10_17_47_748.jpg,-0.3696197,0,0,11.46069
/Users/cesarluisjaitmanlabaton/Desktop/IMG/center_2017_09_26_10_17_47_832.jpg,/Users/cesarluisjaitmanlabaton/Desktop/IMG/left_2017_09_26_10_17_47_832.jpg,/Users/cesarluisjaitmanlabaton/Desktop/IMG/right_2017_09_26_10_17_47_832.jpg,-0.2201135,0,0,11.37412
/Users/cesarluisjaitmanlabaton/Desktop/IMG/center_2017_09_26_10_17_47_921.jpg,/Users/cesarluisjaitmanlabaton/Desktop/IMG/left_2017_09_26_10_17_47_921.jpg,/Users/cesarluisjaitmanlabaton/Desktop/IMG/right_2017_09_26_10_17_47_921.jpg,-0.1144605,0,0,11.28814
/Users/cesarluisjaitmanlabaton/Desktop/IMG/center_2017_09_26_10_17_48_009.jpg,/Users/cesarluisjaitmanlabaton/Desktop/IMG/left_2017_09_26_10_17_48_009.jpg,/Users/cesarluisjaitmanlabaton/Desktop/IMG/right_2017_09_26_10_17_48_009.jpg,0.01779923,0,0,11.14913
/Users/cesarluisjaitmanlabaton/Desktop/IMG/center_2017_09_26_10_17_48_042.jpg,/Users/cesarluisjaitmanlabaton/Desktop/IMG/left_2017_09_26_10_17_48_042.jpg,/Users/cesarluisjaitmanlabaton/Desktop/IMG/right_2017_09_26_10_17_48_042.jpg,0.3077093,0,0,10.99988
/Users/cesarluisjaitmanlabaton/Desktop/IMG/center_2017_09_26_10_17_48_157.jpg,/Users/cesarluisjaitmanlabaton/Desktop/IMG/left_2017_09_26_10_17_48_157.jpg,/Users/cesarluisjaitmanlabaton/Desktop/IMG/right_2017_09_26_10_17_48_157.jpg,0.3921727,0,0,10.85364
/Users/cesarluisjaitmanlabaton/Desktop/IMG/center_2017_09_26_10_17_48_331.jpg,/Users/cesarluisjaitmanlabaton/Desktop/IMG/left_2017_09_26_10_17_48_331.jpg,/Users/cesarluisjaitmanlabaton/Desktop/IMG/right_2017_09_26_10_17_48_331.jpg,0.3643131,0,0,10.65387
/Users/cesarluisjaitmanlabaton/Desktop/IMG/center_2017_09_26_10_17_48_456.jpg,/Users/cesarluisjaitmanlabaton/Desktop/IMG/left_2017_09_26_10_17_48_456.jpg,/Users/cesarluisjaitmanlabaton/Desktop/IMG/right_2017_09_26_10_17_48_456.jpg,0.2466465,0,0,10.53403
/Users/cesarluisjaitmanlabaton/Desktop/IMG/center_2017_09_26_10_17_48_547.jpg,/Users/cesarluisjaitmanlabaton/Desktop/IMG/left_2017_09_26_10_17_48_547.jpg,/Users/cesarluisjaitmanlabaton/Desktop/IMG/right_2017_09_26_10_17_48_547.jpg,0.1834463,0,0,10.43256
/Users/cesarluisjaitmanlabaton/Desktop/IMG/center_2017_09_26_10_17_48_645.jpg,/Users/cesarluisjaitmanlabaton/Desktop/IMG/left_2017_09_26_10_17_48_645.jpg,/Users/cesarluisjaitmanlabaton/Desktop/IMG/right_2017_09_26_10_17_48_645.jpg,0.1803508,0,0,10.32949
/Users/cesarluisjaitmanlabaton/Desktop/IMG/center_2017_09_26_10_17_48_745.jpg,/Users/cesarluisjaitmanlabaton/Desktop/IMG/left_2017_09_26_10_17_48_745.jpg,/Users/cesarluisjaitmanlabaton/Desktop/IMG/right_2017_09_26_10_17_48_745.jpg,0.1161188,0,0,10.22774
/Users/cesarluisjaitmanlabaton/Desktop/IMG/center_2017_09_26_10_17_48_834.jpg,/Users/cesarluisjaitmanlabaton/Desktop/IMG/left_2017_09_26_10_17_48_834.jpg,/Users/cesarluisjaitmanlabaton/Desktop/IMG/right_2017_09_26_10_17_48_834.jpg,0.03799381,0,0,10.14472
/Users/cesarluisjaitmanlabaton/Desktop/IMG/center_2017_09_26_10_17_48_922.jpg,/Users/cesarluisjaitmanlabaton/Desktop/IMG/left_2017_09_26_10_17_48_922.jpg,/Users/cesarluisjaitmanlabaton/Desktop/IMG/right_2017_09_26_10_17_48_922.jpg,-0.001621462,0,0,10.04162
/Users/cesarluisjaitmanlabaton/Desktop/IMG/center_2017_09_26_10_17_49_017.jpg,/Users/cesarluisjaitmanlabaton/Desktop/IMG/left_2017_09_26_10_17_49_017.jpg,/Users/cesarluisjaitmanlabaton/Desktop/IMG/right_2017_09_26_10_17_49_017.jpg,-0.02019458,0,0,9.960331
/Users/cesarluisjaitmanlabaton/Desktop/IMG/center_2017_09_26_10_17_49_154.jpg,/Users/cesarluisjaitmanlabaton/Desktop/IMG/left_2017_09_26_10_17_49_154.jpg,/Users/cesarluisjaitmanlabaton/Desktop/IMG/right_2017_09_26_10_17_49_154.jpg,-0.05424528,0,0,9.819035
/Users/cesarluisjaitmanlabaton/Desktop/IMG/center_2017_09_26_10_17_49_247.jpg,/Users/cesarluisjaitmanlabaton/Desktop/IMG/left_2017_09_26_10_17_49_247.jpg,/Users/cesarluisjaitmanlabaton/Desktop/IMG/right_2017_09_26_10_17_49_247.jpg,-0.1168927,0,0,9.716419
/Users/cesarluisjaitmanlabaton/Desktop/IMG/center_2017_09_26_10_17_49_382.jpg,/Users/cesarluisjaitmanlabaton/Desktop/IMG/left_2017_09_26_10_17_49_382.jpg,/Users/cesarluisjaitmanlabaton/Desktop/IMG/right_2017_09_26_10_17_49_382.jpg,-0.1678582,0,0,9.57428
/Users/cesarluisjaitmanlabaton/Desktop/IMG/center_2017_09_26_10_17_49_470.jpg,/Users/cesarluisjaitmanlabaton/Desktop/IMG/left_2017_09_26_10_17_49_470.jpg,/Users/cesarluisjaitmanlabaton/Desktop/IMG/right_2017_09_26_10_17_49_470.jpg,-0.1709537,0.2664689,0,9.734332
/Users/cesarluisjaitmanlabaton/Desktop/IMG/center_2017_09_26_10_17_49_556.jpg,/Users/cesarluisjaitmanlabaton/Desktop/IMG/left_2017_09_26_10_17_49_556.jpg,/Users/cesarluisjaitmanlabaton/Desktop/IMG/right_2017_09_26_10_17_49_556.jpg,-0.1771448,0.522453,0,10.1421
/Users/cesarluisjaitmanlabaton/Desktop/IMG/center_2017_09_26_10_17_49_644.jpg,/Users/cesarluisjaitmanlabaton/Desktop/IMG/left_2017_09_26_10_17_49_644.jpg,/Users/cesarluisjaitmanlabaton/Desktop/IMG/right_2017_09_26_10_17_49_644.jpg,-0.1895268,0.786438,0,10.96785
/Users/cesarluisjaitmanlabaton/Desktop/IMG/center_2017_09_26_10_17_49_732.jpg,/Users/cesarluisjaitmanlabaton/Desktop/IMG/left_2017_09_26_10_17_49_732.jpg,/Users/cesarluisjaitmanlabaton/Desktop/IMG/right_2017_09_26_10_17_49_732.jpg,-0.1895268,1,0,11.66348
/Users/cesarluisjaitmanlabaton/Desktop/IMG/center_2017_09_26_10_17_49_877.jpg,/Users/cesarluisjaitmanlabaton/Desktop/IMG/left_2017_09_26_10_17_49_877.jpg,/Users/cesarluisjaitmanlabaton/Desktop/IMG/right_2017_09_26_10_17_49_877.jpg,-0.1895268,0.74308,0,12.52481
/Users/cesarluisjaitmanlabaton/Desktop/IMG/center_2017_09_26_10_17_49_975.jpg,/Users/cesarluisjaitmanlabaton/Desktop/IMG/left_2017_09_26_10_17_49_975.jpg,/Users/cesarluisjaitmanlabaton/Desktop/IMG/right_2017_09_26_10_17_49_975.jpg,-0.1895268,0.442681,0,13.00008
/Users/cesarluisjaitmanlabaton/Desktop/IMG/center_2017_09_26_10_17_50_091.jpg,/Users/cesarluisjaitmanlabaton/Desktop/IMG/left_2017_09_26_10_17_50_091.jpg,/Users/cesarluisjaitmanlabaton/Desktop/IMG/right_2017_09_26_10_17_50_091.jpg,-0.1772922,0.09138095,0,13.01947
/Users/cesarluisjaitmanlabaton/Desktop/IMG/center_2017_09_26_10_17_50_170.jpg,/Users/cesarluisjaitmanlabaton/Desktop/IMG/left_2017_09_26_10_17_50_170.jpg,/Users/cesarluisjaitmanlabaton/Desktop/IMG/right_2017_09_26_10_17_50_170.jpg,-0.1742335,0,0,12.63959
/Users/cesarluisjaitmanlabaton/Desktop/IMG/center_2017_09_26_10_17_50_363.jpg,/Users/cesarluisjaitmanlabaton/Desktop/IMG/left_2017_09_26_10_17_50_363.jpg,/Users/cesarluisjaitmanlabaton/Desktop/IMG/right_2017_09_26_10_17_50_363.jpg,-0.1742335,0,0,12.60543
/Users/cesarluisjaitmanlabaton/Desktop/IMG/center_2017_09_26_10_17_50_546.jpg,/Users/cesarluisjaitmanlabaton/Desktop/IMG/left_2017_09_26_10_17_50_546.jpg,/Users/cesarluisjaitmanlabaton/Desktop/IMG/right_2017_09_26_10_17_50_546.jpg,-0.1742335,0,0,12.12015
/Users/cesarluisjaitmanlabaton/Desktop/IMG/center_2017_09_26_10_17_50_618.jpg,/Users/cesarluisjaitmanlabaton/Desktop/IMG/left_2017_09_26_10_17_50_618.jpg,/Users/cesarluisjaitmanlabaton/Desktop/IMG/right_2017_09_26_10_17_50_618.jpg,-0.1742335,0,0,12.0191
/Users/cesarluisjaitmanlabaton/Desktop/IMG/center_2017_09_26_10_17_50_720.jpg,/Users/cesarluisjaitmanlabaton/Desktop/IMG/left_2017_09_26_10_17_50_720.jpg,/Users/cesarluisjaitmanlabaton/Desktop/IMG/right_2017_09_26_10_17_50_720.jpg,-0.1742335,0,0,12.14418
/Users/cesarluisjaitmanlabaton/Desktop/IMG/center_2017_09_26_10_17_50_817.jpg,/Users/cesarluisjaitmanlabaton/Desktop/IMG/left_2017_09_26_10_17_50_817.jpg,/Users/cesarluisjaitmanlabaton/Desktop/IMG/right_2017_09_26_10_17_50_817.jpg,-0.1742335,0,0,11.78741
/Users/cesarluisjaitmanlabaton/Desktop/IMG/center_2017_09_26_10_17_50_916.jpg,/Users/cesarluisjaitmanlabaton/Desktop/IMG/left_2017_09_26_10_17_50_916.jpg,/Users/cesarluisjaitmanlabaton/Desktop/IMG/right_2017_09_26_10_17_50_916.jpg,-0.1742335,0.2916842,0,12.33927
/Users/cesarluisjaitmanlabaton/Desktop/IMG/center_2017_09_26_10_17_51_005.jpg,/Users/cesarluisjaitmanlabaton/Desktop/IMG/left_2017_09_26_10_17_51_005.jpg,/Users/cesarluisjaitmanlabaton/Desktop/IMG/right_2017_09_26_10_17_51_005.jpg,-0.1711748,0.5315672,0,12.46384
/Users/cesarluisjaitmanlabaton/Desktop/IMG/center_2017_09_26_10_17_51_089.jpg,/Users/cesarluisjaitmanlabaton/Desktop/IMG/left_2017_09_26_10_17_51_089.jpg,/Users/cesarluisjaitmanlabaton/Desktop/IMG/right_2017_09_26_10_17_51_089.jpg,-0.1525649,0.2532873,0,12.88521
/Users/cesarluisjaitmanlabaton/Desktop/IMG/center_2017_09_26_10_17_51_163.jpg,/Users/cesarluisjaitmanlabaton/Desktop/IMG/left_2017_09_26_10_17_51_163.jpg,/Users/cesarluisjaitmanlabaton/Desktop/IMG/right_2017_09_26_10_17_51_163.jpg,-0.124263,0.01021832,0,12.81531
/Users/cesarluisjaitmanlabaton/Desktop/IMG/center_2017_09_26_10_17_51_281.jpg,/Users/cesarluisjaitmanlabaton/Desktop/IMG/left_2017_09_26_10_17_51_281.jpg,/Users/cesarluisjaitmanlabaton/Desktop/IMG/right_2017_09_26_10_17_51_281.jpg,-0.124263,0,0,12.71012
/Users/cesarluisjaitmanlabaton/Desktop/IMG/center_2017_09_26_10_17_51_481.jpg,/Users/cesarluisjaitmanlabaton/Desktop/IMG/left_2017_09_26_10_17_51_481.jpg,/Users/cesarluisjaitmanlabaton/Desktop/IMG/right_2017_09_26_10_17_51_481.jpg,-0.124263,0,0,12.43036
/Users/cesarluisjaitmanlabaton/Desktop/IMG/center_2017_09_26_10_17_51_566.jpg,/Users/cesarluisjaitmanlabaton/Desktop/IMG/left_2017_09_26_10_17_51_566.jpg,/Users/cesarluisjaitmanlabaton/Desktop/IMG/right_2017_09_26_10_17_51_566.jpg,-0.124263,0,0,12.00652
/Users/cesarluisjaitmanlabaton/Desktop/IMG/center_2017_09_26_10_17_51_670.jpg,/Users/cesarluisjaitmanlabaton/Desktop/IMG/left_2017_09_26_10_17_51_670.jpg,/Users/cesarluisjaitmanlabaton/Desktop/IMG/right_2017_09_26_10_17_51_670.jpg,-0.1273585,0,0,11.85581
/Users/cesarluisjaitmanlabaton/Desktop/IMG/center_2017_09_26_10_17_51_744.jpg,/Users/cesarluisjaitmanlabaton/Desktop/IMG/left_2017_09_26_10_17_51_744.jpg,/Users/cesarluisjaitmanlabaton/Desktop/IMG/right_2017_09_26_10_17_51_744.jpg,-0.130454,0,0,11.75751
/Users/cesarluisjaitmanlabaton/Desktop/IMG/center_2017_09_26_10_17_51_854.jpg,/Users/cesarluisjaitmanlabaton/Desktop/IMG/left_2017_09_26_10_17_51_854.jpg,/Users/cesarluisjaitmanlabaton/Desktop/IMG/right_2017_09_26_10_17_51_854.jpg,-0.130454,0,0,11.74329
/Users/cesarluisjaitmanlabaton/Desktop/IMG/center_2017_09_26_10_17_51_944.jpg,/Users/cesarluisjaitmanlabaton/Desktop/IMG/left_2017_09_26_10_17_51_944.jpg,/Users/cesarluisjaitmanlabaton/Desktop/IMG/right_2017_09_26_10_17_51_944.jpg,-0.130454,0,0,11.66867
/Users/cesarluisjaitmanlabaton/Desktop/IMG/center_2017_09_26_10_17_52_022.jpg,/Users/cesarluisjaitmanlabaton/Desktop/IMG/left_2017_09_26_10_17_52_022.jpg,/Users/cesarluisjaitmanlabaton/Desktop/IMG/right_2017_09_26_10_17_52_022.jpg,-0.130454,0,0,11.6747
/Users/cesarluisjaitmanlabaton/Desktop/IMG/center_2017_09_26_10_17_52_119.jpg,/Users/cesarluisjaitmanlabaton/Desktop/IMG/left_2017_09_26_10_17_52_119.jpg,/Users/cesarluisjaitmanlabaton/Desktop/IMG/right_2017_09_26_10_17_52_119.jpg,-0.130454,0,0,11.51601
/Users/cesarluisjaitmanlabaton/Desktop/IMG/center_2017_09_26_10_17_52_293.jpg,/Users/cesarluisjaitmanlabaton/Desktop/IMG/left_2017_09_26_10_17_52_293.jpg,/Users/cesarluisjaitmanlabaton/Desktop/IMG/right_2017_09_26_10_17_52_293.jpg,-0.130454,0,0,11.29808
/Users/cesarluisjaitmanlabaton/Desktop/IMG/center_2017_09_26_10_17_52_396.jpg,/Users/cesarluisjaitmanlabaton/Desktop/IMG/left_2017_09_26_10_17_52_396.jpg,/Users/cesarluisjaitmanlabaton/Desktop/IMG/right_2017_09_26_10_17_52_396.jpg,-0.130454,0,0,11.44814
/Users/cesarluisjaitmanlabaton/Desktop/IMG/center_2017_09_26_10_17_52_521.jpg,/Users/cesarluisjaitmanlabaton/Desktop/IMG/left_2017_09_26_10_17_52_521.jpg,/Users/cesarluisjaitmanlabaton/Desktop/IMG/right_2017_09_26_10_17_52_521.jpg,-0.130454,0,0,10.82557
/Users/cesarluisjaitmanlabaton/Desktop/IMG/center_2017_09_26_10_17_52_621.jpg,/Users/cesarluisjaitmanlabaton/Desktop/IMG/left_2017_09_26_10_17_52_621.jpg,/Users/cesarluisjaitmanlabaton/Desktop/IMG/right_2017_09_26_10_17_52_621.jpg,-0.1273953,0.443568,0,11.26773
/Users/cesarluisjaitmanlabaton/Desktop/IMG/center_2017_09_26_10_17_52_693.jpg,/Users/cesarluisjaitmanlabaton/Desktop/IMG/left_2017_09_26_10_17_52_693.jpg,/Users/cesarluisjaitmanlabaton/Desktop/IMG/right_2017_09_26_10_17_52_693.jpg,-0.1273953,0.2247661,0,11.31892
/Users/cesarluisjaitmanlabaton/Desktop/IMG/center_2017_09_26_10_17_52_828.jpg,/Users/cesarluisjaitmanlabaton/Desktop/IMG/left_2017_09_26_10_17_52_828.jpg,/Users/cesarluisjaitmanlabaton/Desktop/IMG/right_2017_09_26_10_17_52_828.jpg,-0.1273953,0,0,11.51337
/Users/cesarluisjaitmanlabaton/Desktop/IMG/center_2017_09_26_10_17_52_914.jpg,/Users/cesarluisjaitmanlabaton/Desktop/IMG/left_2017_09_26_10_17_52_914.jpg,/Users/cesarluisjaitmanlabaton/Desktop/IMG/right_2017_09_26_10_17_52_914.jpg,-0.1115861,0,0,11.32805
/Users/cesarluisjaitmanlabaton/Desktop/IMG/center_2017_09_26_10_17_52_985.jpg,/Users/cesarluisjaitmanlabaton/Desktop/IMG/left_2017_09_26_10_17_52_985.jpg,/Users/cesarluisjaitmanlabaton/Desktop/IMG/right_2017_09_26_10_17_52_985.jpg,-0.05542453,0,0,11.00989
/Users/cesarluisjaitmanlabaton/Desktop/IMG/center_2017_09_26_10_17_53_019.jpg,/Users/cesarluisjaitmanlabaton/Desktop/IMG/left_2017_09_26_10_17_53_019.jpg,/Users/cesarluisjaitmanlabaton/Desktop/IMG/right_2017_09_26_10_17_53_019.jpg,-0.04318986,0,0,10.91725
/Users/cesarluisjaitmanlabaton/Desktop/IMG/center_2017_09_26_10_17_53_153.jpg,/Users/cesarluisjaitmanlabaton/Desktop/IMG/left_2017_09_26_10_17_53_153.jpg,/Users/cesarluisjaitmanlabaton/Desktop/IMG/right_2017_09_26_10_17_53_153.jpg,-0.04013119,0,0,10.82578
/Users/cesarluisjaitmanlabaton/Desktop/IMG/center_2017_09_26_10_17_53_240.jpg,/Users/cesarluisjaitmanlabaton/Desktop/IMG/left_2017_09_26_10_17_53_240.jpg,/Users/cesarluisjaitmanlabaton/Desktop/IMG/right_2017_09_26_10_17_53_240.jpg,-0.04013119,0,0,10.62266
/Users/cesarluisjaitmanlabaton/Desktop/IMG/center_2017_09_26_10_17_53_322.jpg,/Users/cesarluisjaitmanlabaton/Desktop/IMG/left_2017_09_26_10_17_53_322.jpg,/Users/cesarluisjaitmanlabaton/Desktop/IMG/right_2017_09_26_10_17_53_322.jpg,-0.04013119,0,0,9.559287
/Users/cesarluisjaitmanlabaton/Desktop/IMG/center_2017_09_26_10_17_53_420.jpg,/Users/cesarluisjaitmanlabaton/Desktop/IMG/left_2017_09_26_10_17_53_420.jpg,/Users/cesarluisjaitmanlabaton/Desktop/IMG/right_2017_09_26_10_17_53_420.jpg,-0.03707252,0,0,9.127899
/Users/cesarluisjaitmanlabaton/Desktop/IMG/center_2017_09_26_10_17_53_488.jpg,/Users/cesarluisjaitmanlabaton/Desktop/IMG/left_2017_09_26_10_17_53_488.jpg,/Users/cesarluisjaitmanlabaton/Desktop/IMG/right_2017_09_26_10_17_53_488.jpg,-0.03401386,0,0,9.067924
/Users/cesarluisjaitmanlabaton/Desktop/IMG/center_2017_09_26_10_17_53_558.jpg,/Users/cesarluisjaitmanlabaton/Desktop/IMG/left_2017_09_26_10_17_53_558.jpg,/Users/cesarluisjaitmanlabaton/Desktop/IMG/right_2017_09_26_10_17_53_558.jpg,-0.02789652,0,0,9.026662
/Users/cesarluisjaitmanlabaton/Desktop/IMG/center_2017_09_26_10_17_53_655.jpg,/Users/cesarluisjaitmanlabaton/Desktop/IMG/left_2017_09_26_10_17_53_655.jpg,/Users/cesarluisjaitmanlabaton/Desktop/IMG/right_2017_09_26_10_17_53_655.jpg,-0.01872052,0.289785,0,9.193031
/Users/cesarluisjaitmanlabaton/Desktop/IMG/center_2017_09_26_10_17_53_737.jpg,/Users/cesarluisjaitmanlabaton/Desktop/IMG/left_2017_09_26_10_17_53_737.jpg,/Users/cesarluisjaitmanlabaton/Desktop/IMG/right_2017_09_26_10_17_53_737.jpg,-0.01566185,0.5349301,0,9.391713
/Users/cesarluisjaitmanlabaton/Desktop/IMG/center_2017_09_26_10_17_53_821.jpg,/Users/cesarluisjaitmanlabaton/Desktop/IMG/left_2017_09_26_10_17_53_821.jpg,/Users/cesarluisjaitmanlabaton/Desktop/IMG/right_2017_09_26_10_17_53_821.jpg,-0.006485849,0.2834643,0,9.476461
/Users/cesarluisjaitmanlabaton/Desktop/IMG/center_2017_09_26_10_17_53_911.jpg,/Users/cesarluisjaitmanlabaton/Desktop/IMG/left_2017_09_26_10_17_53_911.jpg,/Users/cesarluisjaitmanlabaton/Desktop/IMG/right_2017_09_26_10_17_53_911.jpg,-0.003427182,0.01128924,0,9.348539
/Users/cesarluisjaitmanlabaton/Desktop/IMG/center_2017_09_26_10_17_54_029.jpg,/Users/cesarluisjaitmanlabaton/Desktop/IMG/left_2017_09_26_10_17_54_029.jpg,/Users/cesarluisjaitmanlabaton/Desktop/IMG/right_2017_09_26_10_17_54_029.jpg,-0.003427182,0,0,9.390545
/Users/cesarluisjaitmanlabaton/Desktop/IMG/center_2017_09_26_10_17_54_060.jpg,/Users/cesarluisjaitmanlabaton/Desktop/IMG/left_2017_09_26_10_17_54_060.jpg,/Users/cesarluisjaitmanlabaton/Desktop/IMG/right_2017_09_26_10_17_54_060.jpg,-0.003427182,0,0,9.317494
/Users/cesarluisjaitmanlabaton/Desktop/IMG/center_2017_09_26_10_17_54_193.jpg,/Users/cesarluisjaitmanlabaton/Desktop/IMG/left_2017_09_26_10_17_54_193.jpg,/Users/cesarluisjaitmanlabaton/Desktop/IMG/right_2017_09_26_10_17_54_193.jpg,0.01212412,0.3996601,0,9.685634
/Users/cesarluisjaitmanlabaton/Desktop/IMG/center_2017_09_26_10_17_54_436.jpg,/Users/cesarluisjaitmanlabaton/Desktop/IMG/left_2017_09_26_10_17_54_436.jpg,/Users/cesarluisjaitmanlabaton/Desktop/IMG/right_2017_09_26_10_17_54_436.jpg,0.02741745,0.7949821,0,9.933905
/Users/cesarluisjaitmanlabaton/Desktop/IMG/center_2017_09_26_10_17_54_527.jpg,/Users/cesarluisjaitmanlabaton/Desktop/IMG/left_2017_09_26_10_17_54_527.jpg,/Users/cesarluisjaitmanlabaton/Desktop/IMG/right_2017_09_26_10_17_54_527.jpg,0.03659346,0.3487651,0,9.989979
/Users/cesarluisjaitmanlabaton/Desktop/IMG/center_2017_09_26_10_17_54_605.jpg,/Users/cesarluisjaitmanlabaton/Desktop/IMG/left_2017_09_26_10_17_54_605.jpg,/Users/cesarluisjaitmanlabaton/Desktop/IMG/right_2017_09_26_10_17_54_605.jpg,0.05494546,0.09624606,0,10.32754
/Users/cesarluisjaitmanlabaton/Desktop/IMG/center_2017_09_26_10_17_54_639.jpg,/Users/cesarluisjaitmanlabaton/Desktop/IMG/left_2017_09_26_10_17_54_639.jpg,/Users/cesarluisjaitmanlabaton/Desktop/IMG/right_2017_09_26_10_17_54_639.jpg,0.07329746,0,0,10.1333
/Users/cesarluisjaitmanlabaton/Desktop/IMG/center_2017_09_26_10_17_54_717.jpg,/Users/cesarluisjaitmanlabaton/Desktop/IMG/left_2017_09_26_10_17_54_717.jpg,/Users/cesarluisjaitmanlabaton/Desktop/IMG/right_2017_09_26_10_17_54_717.jpg,0.0794148,0,0,10.07301
/Users/cesarluisjaitmanlabaton/Desktop/IMG/center_2017_09_26_10_17_54_815.jpg,/Users/cesarluisjaitmanlabaton/Desktop/IMG/left_2017_09_26_10_17_54_815.jpg,/Users/cesarluisjaitmanlabaton/Desktop/IMG/right_2017_09_26_10_17_54_815.jpg,0.08553214,0.292737,0,10.30499
/Users/cesarluisjaitmanlabaton/Desktop/IMG/center_2017_09_26_10_17_54_891.jpg,/Users/cesarluisjaitmanlabaton/Desktop/IMG/left_2017_09_26_10_17_54_891.jpg,/Users/cesarluisjaitmanlabaton/Desktop/IMG/right_2017_09_26_10_17_54_891.jpg,0.08553214,0.520206,0,10.71004
/Users/cesarluisjaitmanlabaton/Desktop/IMG/center_2017_09_26_10_17_54_977.jpg,/Users/cesarluisjaitmanlabaton/Desktop/IMG/left_2017_09_26_10_17_54_977.jpg,/Users/cesarluisjaitmanlabaton/Desktop/IMG/right_2017_09_26_10_17_54_977.jpg,0.08553214,0.2604121,0,10.90476
/Users/cesarluisjaitmanlabaton/Desktop/IMG/center_2017_09_26_10_17_55_179.jpg,/Users/cesarluisjaitmanlabaton/Desktop/IMG/left_2017_09_26_10_17_55_179.jpg,/Users/cesarluisjaitmanlabaton/Desktop/IMG/right_2017_09_26_10_17_55_179.jpg,0.08553214,0,0,10.72866
/Users/cesarluisjaitmanlabaton/Desktop/IMG/center_2017_09_26_10_17_55_280.jpg,/Users/cesarluisjaitmanlabaton/Desktop/IMG/left_2017_09_26_10_17_55_280.jpg,/Users/cesarluisjaitmanlabaton/Desktop/IMG/right_2017_09_26_10_17_55_280.jpg,0.08553214,0,0,10.6096
/Users/cesarluisjaitmanlabaton/Desktop/IMG/center_2017_09_26_10_17_55_368.jpg,/Users/cesarluisjaitmanlabaton/Desktop/IMG/left_2017_09_26_10_17_55_368.jpg,/Users/cesarluisjaitmanlabaton/Desktop/IMG/right_2017_09_26_10_17_55_368.jpg,0.08553214,0,0,10.52825
/Users/cesarluisjaitmanlabaton/Desktop/IMG/center_2017_09_26_10_17_55_445.jpg,/Users/cesarluisjaitmanlabaton/Desktop/IMG/left_2017_09_26_10_17_55_445.jpg,/Users/cesarluisjaitmanlabaton/Desktop/IMG/right_2017_09_26_10_17_55_445.jpg,0.08553214,0.238833,0,10.65916
/Users/cesarluisjaitmanlabaton/Desktop/IMG/center_2017_09_26_10_17_55_518.jpg,/Users/cesarluisjaitmanlabaton/Desktop/IMG/left_2017_09_26_10_17_55_518.jpg,/Users/cesarluisjaitmanlabaton/Desktop/IMG/right_2017_09_26_10_17_55_518.jpg,0.08553214,0.4572421,0,10.91249
/Users/cesarluisjaitmanlabaton/Desktop/IMG/center_2017_09_26_10_17_55_591.jpg,/Users/cesarluisjaitmanlabaton/Desktop/IMG/left_2017_09_26_10_17_55_591.jpg,/Users/cesarluisjaitmanlabaton/Desktop/IMG/right_2017_09_26_10_17_55_591.jpg,0.08553214,0.676569,0,11.53699
/Users/cesarluisjaitmanlabaton/Desktop/IMG/center_2017_09_26_10_17_55_712.jpg,/Users/cesarluisjaitmanlabaton/Desktop/IMG/left_2017_09_26_10_17_55_712.jpg,/Users/cesarluisjaitmanlabaton/Desktop/IMG/right_2017_09_26_10_17_55_712.jpg,0.08243661,0.453762,0,11.85151
/Users/cesarluisjaitmanlabaton/Desktop/IMG/center_2017_09_26_10_17_55_782.jpg,/Users/cesarluisjaitmanlabaton/Desktop/IMG/left_2017_09_26_10_17_55_782.jpg,/Users/cesarluisjaitmanlabaton/Desktop/IMG/right_2017_09_26_10_17_55_782.jpg,0.07624558,0.2287379,0,12.01673
/Users/cesarluisjaitmanlabaton/Desktop/IMG/center_2017_09_26_10_17_55_863.jpg,/Users/cesarluisjaitmanlabaton/Desktop/IMG/left_2017_09_26_10_17_55_863.jpg,/Users/cesarluisjaitmanlabaton/Desktop/IMG/right_2017_09_26_10_17_55_863.jpg,0.06695902,0,0,11.96105
/Users/cesarluisjaitmanlabaton/Desktop/IMG/center_2017_09_26_10_17_55_961.jpg,/Users/cesarluisjaitmanlabaton/Desktop/IMG/left_2017_09_26_10_17_55_961.jpg,/Users/cesarluisjaitmanlabaton/Desktop/IMG/right_2017_09_26_10_17_55_961.jpg,0.0638635,0,0,11.8337
/Users/cesarluisjaitmanlabaton/Desktop/IMG/center_2017_09_26_10_17_56_041.jpg,/Users/cesarluisjaitmanlabaton/Desktop/IMG/left_2017_09_26_10_17_56_041.jpg,/Users/cesarluisjaitmanlabaton/Desktop/IMG/right_2017_09_26_10_17_56_041.jpg,0.06076799,0,0,11.82074
/Users/cesarluisjaitmanlabaton/Desktop/IMG/center_2017_09_26_10_17_56_172.jpg,/Users/cesarluisjaitmanlabaton/Desktop/IMG/left_2017_09_26_10_17_56_172.jpg,/Users/cesarluisjaitmanlabaton/Desktop/IMG/right_2017_09_26_10_17_56_172.jpg,0.06076799,0,0,11.65728
/Users/cesarluisjaitmanlabaton/Desktop/IMG/center_2017_09_26_10_17_56_281.jpg,/Users/cesarluisjaitmanlabaton/Desktop/IMG/left_2017_09_26_10_17_56_281.jpg,/Users/cesarluisjaitmanlabaton/Desktop/IMG/right_2017_09_26_10_17_56_281.jpg,0.06076799,0.327774,0,11.77149
/Users/cesarluisjaitmanlabaton/Desktop/IMG/center_2017_09_26_10_17_56_358.jpg,/Users/cesarluisjaitmanlabaton/Desktop/IMG/left_2017_09_26_10_17_56_358.jpg,/Users/cesarluisjaitmanlabaton/Desktop/IMG/right_2017_09_26_10_17_56_358.jpg,0.06076799,0.59133,0,12.53811
/Users/cesarluisjaitmanlabaton/Desktop/IMG/center_2017_09_26_10_17_56_443.jpg,/Users/cesarluisjaitmanlabaton/Desktop/IMG/left_2017_09_26_10_17_56_443.jpg,/Users/cesarluisjaitmanlabaton/Desktop/IMG/right_2017_09_26_10_17_56_443.jpg,0.06076799,0.8298869,0,12.872
/Users/cesarluisjaitmanlabaton/Desktop/IMG/center_2017_09_26_10_17_56_511.jpg,/Users/cesarluisjaitmanlabaton/Desktop/IMG/left_2017_09_26_10_17_56_511.jpg,/Users/cesarluisjaitmanlabaton/Desktop/IMG/right_2017_09_26_10_17_56_511.jpg,0.06076799,0.5833949,0,13.253
/Users/cesarluisjaitmanlabaton/Desktop/IMG/center_2017_09_26_10_17_56_587.jpg,/Users/cesarluisjaitmanlabaton/Desktop/IMG/left_2017_09_26_10_17_56_587.jpg,/Users/cesarluisjaitmanlabaton/Desktop/IMG/right_2017_09_26_10_17_56_587.jpg,0.06076799,0.3778558,0,13.79065
/Users/cesarluisjaitmanlabaton/Desktop/IMG/center_2017_09_26_10_17_56_666.jpg,/Users/cesarluisjaitmanlabaton/Desktop/IMG/left_2017_09_26_10_17_56_666.jpg,/Users/cesarluisjaitmanlabaton/Desktop/IMG/right_2017_09_26_10_17_56_666.jpg,0.05457694,0.1444529,0,13.76889
/Users/cesarluisjaitmanlabaton/Desktop/IMG/center_2017_09_26_10_17_56_813.jpg,/Users/cesarluisjaitmanlabaton/Desktop/IMG/left_2017_09_26_10_17_56_813.jpg,/Users/cesarluisjaitmanlabaton/Desktop/IMG/right_2017_09_26_10_17_56_813.jpg,0.04219487,0,0,13.67921
/Users/cesarluisjaitmanlabaton/Desktop/IMG/center_2017_09_26_10_17_56_886.jpg,/Users/cesarluisjaitmanlabaton/Desktop/IMG/left_2017_09_26_10_17_56_886.jpg,/Users/cesarluisjaitmanlabaton/Desktop/IMG/right_2017_09_26_10_17_56_886.jpg,0.04219487,0,0,13.54678
/Users/cesarluisjaitmanlabaton/Desktop/IMG/center_2017_09_26_10_17_56_974.jpg,/Users/cesarluisjaitmanlabaton/Desktop/IMG/left_2017_09_26_10_17_56_974.jpg,/Users/cesarluisjaitmanlabaton/Desktop/IMG/right_2017_09_26_10_17_56_974.jpg,0.04219487,0,0,13.37885
/Users/cesarluisjaitmanlabaton/Desktop/IMG/center_2017_09_26_10_17_57_056.jpg,/Users/cesarluisjaitmanlabaton/Desktop/IMG/left_2017_09_26_10_17_57_056.jpg,/Users/cesarluisjaitmanlabaton/Desktop/IMG/right_2017_09_26_10_17_57_056.jpg,0.04219487,0,0,13.26619
/Users/cesarluisjaitmanlabaton/Desktop/IMG/center_2017_09_26_10_17_57_143.jpg,/Users/cesarluisjaitmanlabaton/Desktop/IMG/left_2017_09_26_10_17_57_143.jpg,/Users/cesarluisjaitmanlabaton/Desktop/IMG/right_2017_09_26_10_17_57_143.jpg,0.04219487,0,0,13.15696
/Users/cesarluisjaitmanlabaton/Desktop/IMG/center_2017_09_26_10_17_57_256.jpg,/Users/cesarluisjaitmanlabaton/Desktop/IMG/left_2017_09_26_10_17_57_256.jpg,/Users/cesarluisjaitmanlabaton/Desktop/IMG/right_2017_09_26_10_17_57_256.jpg,0.04219487,0.2803801,0,13.2894
/Users/cesarluisjaitmanlabaton/Desktop/IMG/center_2017_09_26_10_17_57_405.jpg,/Users/cesarluisjaitmanlabaton/Desktop/IMG/left_2017_09_26_10_17_57_405.jpg,/Users/cesarluisjaitmanlabaton/Desktop/IMG/right_2017_09_26_10_17_57_405.jpg,0.04219487,0.6706531,0,14.26903
/Users/cesarluisjaitmanlabaton/Desktop/IMG/center_2017_09_26_10_17_57_537.jpg,/Users/cesarluisjaitmanlabaton/Desktop/IMG/left_2017_09_26_10_17_57_537.jpg,/Users/cesarluisjaitmanlabaton/Desktop/IMG/right_2017_09_26_10_17_57_537.jpg,0.03600383,0.2477311,0,14.49059
/Users/cesarluisjaitmanlabaton/Desktop/IMG/center_2017_09_26_10_17_57_621.jpg,/Users/cesarluisjaitmanlabaton/Desktop/IMG/left_2017_09_26_10_17_57_621.jpg,/Users/cesarluisjaitmanlabaton/Desktop/IMG/right_2017_09_26_10_17_57_621.jpg,0.03290831,0,0,14.45492
/Users/cesarluisjaitmanlabaton/Desktop/IMG/center_2017_09_26_10_17_57_707.jpg,/Users/cesarluisjaitmanlabaton/Desktop/IMG/left_2017_09_26_10_17_57_707.jpg,/Users/cesarluisjaitmanlabaton/Desktop/IMG/right_2017_09_26_10_17_57_707.jpg,0.03290831,0,0,14.34339
/Users/cesarluisjaitmanlabaton/Desktop/IMG/center_2017_09_26_10_17_57_793.jpg,/Users/cesarluisjaitmanlabaton/Desktop/IMG/left_2017_09_26_10_17_57_793.jpg,/Users/cesarluisjaitmanlabaton/Desktop/IMG/right_2017_09_26_10_17_57_793.jpg,0.03290831,0,0,14.20078
/Users/cesarluisjaitmanlabaton/Desktop/IMG/center_2017_09_26_10_17_57_869.jpg,/Users/cesarluisjaitmanlabaton/Desktop/IMG/left_2017_09_26_10_17_57_869.jpg,/Users/cesarluisjaitmanlabaton/Desktop/IMG/right_2017_09_26_10_17_57_869.jpg,0.02623821,0,0,14.08341
/Users/cesarluisjaitmanlabaton/Desktop/IMG/center_2017_09_26_10_17_57_953.jpg,/Users/cesarluisjaitmanlabaton/Desktop/IMG/left_2017_09_26_10_17_57_953.jpg,/Users/cesarluisjaitmanlabaton/Desktop/IMG/right_2017_09_26_10_17_57_953.jpg,0.02314269,0,0,13.96341
/Users/cesarluisjaitmanlabaton/Desktop/IMG/center_2017_09_26_10_17_58_032.jpg,/Users/cesarluisjaitmanlabaton/Desktop/IMG/left_2017_09_26_10_17_58_032.jpg,/Users/cesarluisjaitmanlabaton/Desktop/IMG/right_2017_09_26_10_17_58_032.jpg,0.01076061,0,0,13.85179
/Users/cesarluisjaitmanlabaton/Desktop/IMG/center_2017_09_26_10_17_58_116.jpg,/Users/cesarluisjaitmanlabaton/Desktop/IMG/left_2017_09_26_10_17_58_116.jpg,/Users/cesarluisjaitmanlabaton/Desktop/IMG/right_2017_09_26_10_17_58_116.jpg,-0.03909935,0,0,13.73508
/Users/cesarluisjaitmanlabaton/Desktop/IMG/center_2017_09_26_10_17_58_207.jpg,/Users/cesarluisjaitmanlabaton/Desktop/IMG/left_2017_09_26_10_17_58_207.jpg,/Users/cesarluisjaitmanlabaton/Desktop/IMG/right_2017_09_26_10_17_58_207.jpg,-0.06124705,0,0,13.62982
/Users/cesarluisjaitmanlabaton/Desktop/IMG/center_2017_09_26_10_17_58_281.jpg,/Users/cesarluisjaitmanlabaton/Desktop/IMG/left_2017_09_26_10_17_58_281.jpg,/Users/cesarluisjaitmanlabaton/Desktop/IMG/right_2017_09_26_10_17_58_281.jpg,-0.06124705,0,0,13.49336
/Users/cesarluisjaitmanlabaton/Desktop/IMG/center_2017_09_26_10_17_58_474.jpg,/Users/cesarluisjaitmanlabaton/Desktop/IMG/left_2017_09_26_10_17_58_474.jpg,/Users/cesarluisjaitmanlabaton/Desktop/IMG/right_2017_09_26_10_17_58_474.jpg,-0.06124705,0,0,13.21081
/Users/cesarluisjaitmanlabaton/Desktop/IMG/center_2017_09_26_10_17_58_544.jpg,/Users/cesarluisjaitmanlabaton/Desktop/IMG/left_2017_09_26_10_17_58_544.jpg,/Users/cesarluisjaitmanlabaton/Desktop/IMG/right_2017_09_26_10_17_58_544.jpg,-0.06124705,0,0,13.0821
/Users/cesarluisjaitmanlabaton/Desktop/IMG/center_2017_09_26_10_17_58_615.jpg,/Users/cesarluisjaitmanlabaton/Desktop/IMG/left_2017_09_26_10_17_58_615.jpg,/Users/cesarluisjaitmanlabaton/Desktop/IMG/right_2017_09_26_10_17_58_615.jpg,-0.06124705,0,0,13.02866
/Users/cesarluisjaitmanlabaton/Desktop/IMG/center_2017_09_26_10_17_58_687.jpg,/Users/cesarluisjaitmanlabaton/Desktop/IMG/left_2017_09_26_10_17_58_687.jpg,/Users/cesarluisjaitmanlabaton/Desktop/IMG/right_2017_09_26_10_17_58_687.jpg,-0.06124705,0,0,12.88326
/Users/cesarluisjaitmanlabaton/Desktop/IMG/center_2017_09_26_10_17_58_757.jpg,/Users/cesarluisjaitmanlabaton/Desktop/IMG/left_2017_09_26_10_17_58_757.jpg,/Users/cesarluisjaitmanlabaton/Desktop/IMG/right_2017_09_26_10_17_58_757.jpg,-0.05512972,0,0,12.79974
/Users/cesarluisjaitmanlabaton/Desktop/IMG/center_2017_09_26_10_17_58_842.jpg,/Users/cesarluisjaitmanlabaton/Desktop/IMG/left_2017_09_26_10_17_58_842.jpg,/Users/cesarluisjaitmanlabaton/Desktop/IMG/right_2017_09_26_10_17_58_842.jpg,-0.03677771,0.2409541,0,12.91869
/Users/cesarluisjaitmanlabaton/Desktop/IMG/center_2017_09_26_10_17_58_928.jpg,/Users/cesarluisjaitmanlabaton/Desktop/IMG/left_2017_09_26_10_17_58_928.jpg,/Users/cesarluisjaitmanlabaton/Desktop/IMG/right_2017_09_26_10_17_58_928.jpg,-0.02454304,0.4780621,0,13.13195
/Users/cesarluisjaitmanlabaton/Desktop/IMG/center_2017_09_26_10_17_59_006.jpg,/Users/cesarluisjaitmanlabaton/Desktop/IMG/left_2017_09_26_10_17_59_006.jpg,/Users/cesarluisjaitmanlabaton/Desktop/IMG/right_2017_09_26_10_17_59_006.jpg,-0.01842571,0.2216311,0,13.63853
/Users/cesarluisjaitmanlabaton/Desktop/IMG/center_2017_09_26_10_17_59_200.jpg,/Users/cesarluisjaitmanlabaton/Desktop/IMG/left_2017_09_26_10_17_59_200.jpg,/Users/cesarluisjaitmanlabaton/Desktop/IMG/right_2017_09_26_10_17_59_200.jpg,-0.01842571,0,0,13.04809
/Users/cesarluisjaitmanlabaton/Desktop/IMG/center_2017_09_26_10_17_59_308.jpg,/Users/cesarluisjaitmanlabaton/Desktop/IMG/left_2017_09_26_10_17_59_308.jpg,/Users/cesarluisjaitmanlabaton/Desktop/IMG/right_2017_09_26_10_17_59_308.jpg,-0.03699882,0,0,13.19019
/Users/cesarluisjaitmanlabaton/Desktop/IMG/center_2017_09_26_10_17_59_458.jpg,/Users/cesarluisjaitmanlabaton/Desktop/IMG/left_2017_09_26_10_17_59_458.jpg,/Users/cesarluisjaitmanlabaton/Desktop/IMG/right_2017_09_26_10_17_59_458.jpg,-0.05866745,0,0,12.77656
/Users/cesarluisjaitmanlabaton/Desktop/IMG/center_2017_09_26_10_17_59_544.jpg,/Users/cesarluisjaitmanlabaton/Desktop/IMG/left_2017_09_26_10_17_59_544.jpg,/Users/cesarluisjaitmanlabaton/Desktop/IMG/right_2017_09_26_10_17_59_544.jpg,-0.06795401,0,0,12.84661
/Users/cesarluisjaitmanlabaton/Desktop/IMG/center_2017_09_26_10_17_59_645.jpg,/Users/cesarluisjaitmanlabaton/Desktop/IMG/left_2017_09_26_10_17_59_645.jpg,/Users/cesarluisjaitmanlabaton/Desktop/IMG/right_2017_09_26_10_17_59_645.jpg,-0.08652713,0.2924189,0,12.75052
/Users/cesarluisjaitmanlabaton/Desktop/IMG/center_2017_09_26_10_17_59_730.jpg,/Users/cesarluisjaitmanlabaton/Desktop/IMG/left_2017_09_26_10_17_59_730.jpg,/Users/cesarluisjaitmanlabaton/Desktop/IMG/right_2017_09_26_10_17_59_730.jpg,-0.1533019,0.567372,0,13.56756
/Users/cesarluisjaitmanlabaton/Desktop/IMG/center_2017_09_26_10_17_59_812.jpg,/Users/cesarluisjaitmanlabaton/Desktop/IMG/left_2017_09_26_10_17_59_812.jpg,/Users/cesarluisjaitmanlabaton/Desktop/IMG/right_2017_09_26_10_17_59_812.jpg,-0.1594929,0.2993549,0,13.72613
/Users/cesarluisjaitmanlabaton/Desktop/IMG/center_2017_09_26_10_17_59_885.jpg,/Users/cesarluisjaitmanlabaton/Desktop/IMG/left_2017_09_26_10_17_59_885.jpg,/Users/cesarluisjaitmanlabaton/Desktop/IMG/right_2017_09_26_10_17_59_885.jpg,-0.1594929,0.08629203,0,13.66638
/Users/cesarluisjaitmanlabaton/Desktop/IMG/center_2017_09_26_10_17_59_991.jpg,/Users/cesarluisjaitmanlabaton/Desktop/IMG/left_2017_09_26_10_17_59_991.jpg,/Users/cesarluisjaitmanlabaton/Desktop/IMG/right_2017_09_26_10_17_59_991.jpg,-0.1594929,0,0,13.61842
/Users/cesarluisjaitmanlabaton/Desktop/IMG/center_2017_09_26_10_18_00_086.jpg,/Users/cesarluisjaitmanlabaton/Desktop/IMG/left_2017_09_26_10_18_00_086.jpg,/Users/cesarluisjaitmanlabaton/Desktop/IMG/right_2017_09_26_10_18_00_086.jpg,-0.1533756,0,0,13.4333
/Users/cesarluisjaitmanlabaton/Desktop/IMG/center_2017_09_26_10_18_00_181.jpg,/Users/cesarluisjaitmanlabaton/Desktop/IMG/left_2017_09_26_10_18_00_181.jpg,/Users/cesarluisjaitmanlabaton/Desktop/IMG/right_2017_09_26_10_18_00_181.jpg,-0.1411409,0,0,13.31893
/Users/cesarluisjaitmanlabaton/Desktop/IMG/center_2017_09_26_10_18_00_286.jpg,/Users/cesarluisjaitmanlabaton/Desktop/IMG/left_2017_09_26_10_18_00_286.jpg,/Users/cesarluisjaitmanlabaton/Desktop/IMG/right_2017_09_26_10_18_00_286.jpg,-0.1136129,0,0,13.15792
/Users/cesarluisjaitmanlabaton/Desktop/IMG/center_2017_09_26_10_18_00_459.jpg,/Users/cesarluisjaitmanlabaton/Desktop/IMG/left_2017_09_26_10_18_00_459.jpg,/Users/cesarluisjaitmanlabaton/Desktop/IMG/right_2017_09_26_10_18_00_459.jpg,-0.0952609,0,0,12.92244
/Users/cesarluisjaitmanlabaton/Desktop/IMG/center_2017_09_26_10_18_00_537.jpg,/Users/cesarluisjaitmanlabaton/Desktop/IMG/left_2017_09_26_10_18_00_537.jpg,/Users/cesarluisjaitmanlabaton/Desktop/IMG/right_2017_09_26_10_18_00_537.jpg,-0.0952609,0,0,12.78499
/Users/cesarluisjaitmanlabaton/Desktop/IMG/center_2017_09_26_10_18_00_611.jpg,/Users/cesarluisjaitmanlabaton/Desktop/IMG/left_2017_09_26_10_18_00_611.jpg,/Users/cesarluisjaitmanlabaton/Desktop/IMG/right_2017_09_26_10_18_00_611.jpg,-0.0952609,0,0,12.67923
/Users/cesarluisjaitmanlabaton/Desktop/IMG/center_2017_09_26_10_18_00_696.jpg,/Users/cesarluisjaitmanlabaton/Desktop/IMG/left_2017_09_26_10_18_00_696.jpg,/Users/cesarluisjaitmanlabaton/Desktop/IMG/right_2017_09_26_10_18_00_696.jpg,-0.0952609,0,0,12.57435
/Users/cesarluisjaitmanlabaton/Desktop/IMG/center_2017_09_26_10_18_00_850.jpg,/Users/cesarluisjaitmanlabaton/Desktop/IMG/left_2017_09_26_10_18_00_850.jpg,/Users/cesarluisjaitmanlabaton/Desktop/IMG/right_2017_09_26_10_18_00_850.jpg,-0.0952609,0,0,12.36793
/Users/cesarluisjaitmanlabaton/Desktop/IMG/center_2017_09_26_10_18_00_933.jpg,/Users/cesarluisjaitmanlabaton/Desktop/IMG/left_2017_09_26_10_18_00_933.jpg,/Users/cesarluisjaitmanlabaton/Desktop/IMG/right_2017_09_26_10_18_00_933.jpg,-0.08914357,0,0,12.26716
/Users/cesarluisjaitmanlabaton/Desktop/IMG/center_2017_09_26_10_18_01_015.jpg,/Users/cesarluisjaitmanlabaton/Desktop/IMG/left_2017_09_26_10_18_01_015.jpg,/Users/cesarluisjaitmanlabaton/Desktop/IMG/right_2017_09_26_10_18_01_015.jpg,-0.0769089,0,0,12.16822
/Users/cesarluisjaitmanlabaton/Desktop/IMG/center_2017_09_26_10_18_01_089.jpg,/Users/cesarluisjaitmanlabaton/Desktop/IMG/left_2017_09_26_10_18_01_089.jpg,/Users/cesarluisjaitmanlabaton/Desktop/IMG/right_2017_09_26_10_18_01_089.jpg,-0.0769089,0,0,12.07087
/Users/cesarluisjaitmanlabaton/Desktop/IMG/center_2017_09_26_10_18_01_162.jpg,/Users/cesarluisjaitmanlabaton/Desktop/IMG/left_2017_09_26_10_18_01_162.jpg,/Users/cesarluisjaitmanlabaton/Desktop/IMG/right_2017_09_26_10_18_01_162.jpg,-0.0769089,0,0,11.96868
/Users/cesarluisjaitmanlabaton/Desktop/IMG/center_2017_09_26_10_18_01_362.jpg,/Users/cesarluisjaitmanlabaton/Desktop/IMG/left_2017_09_26_10_18_01_362.jpg,/Users/cesarluisjaitmanlabaton/Desktop/IMG/right_2017_09_26_10_18_01_362.jpg,-0.07079156,0,0,11.76964
/Users/cesarluisjaitmanlabaton/Desktop/IMG/center_2017_09_26_10_18_01_468.jpg,/Users/cesarluisjaitmanlabaton/Desktop/IMG/left_2017_09_26_10_18_01_468.jpg,/Users/cesarluisjaitmanlabaton/Desktop/IMG/right_2017_09_26_10_18_01_468.jpg,-0.06467424,0,0,11.65555
/Users/cesarluisjaitmanlabaton/Desktop/IMG/center_2017_09_26_10_18_01_557.jpg,/Users/cesarluisjaitmanlabaton/Desktop/IMG/left_2017_09_26_10_18_01_557.jpg,/Users/cesarluisjaitmanlabaton/Desktop/IMG/right_2017_09_26_10_18_01_557.jpg,-0.05549823,0,0,11.50689
/Users/cesarluisjaitmanlabaton/Desktop/IMG/center_2017_09_26_10_18_01_640.jpg,/Users/cesarluisjaitmanlabaton/Desktop/IMG/left_2017_09_26_10_18_01_640.jpg,/Users/cesarluisjaitmanlabaton/Desktop/IMG/right_2017_09_26_10_18_01_640.jpg,-0.05549823,0.2445989,0,11.78012
/Users/cesarluisjaitmanlabaton/Desktop/IMG/center_2017_09_26_10_18_01_738.jpg,/Users/cesarluisjaitmanlabaton/Desktop/IMG/left_2017_09_26_10_18_01_738.jpg,/Users/cesarluisjaitmanlabaton/Desktop/IMG/right_2017_09_26_10_18_01_738.jpg,-0.05549823,0.5715299,0,12.27492
/Users/cesarluisjaitmanlabaton/Desktop/IMG/center_2017_09_26_10_18_01_808.jpg,/Users/cesarluisjaitmanlabaton/Desktop/IMG/left_2017_09_26_10_18_01_808.jpg,/Users/cesarluisjaitmanlabaton/Desktop/IMG/right_2017_09_26_10_18_01_808.jpg,-0.05549823,0.3543239,0,12.62587
/Users/cesarluisjaitmanlabaton/Desktop/IMG/center_2017_09_26_10_18_01_898.jpg,/Users/cesarluisjaitmanlabaton/Desktop/IMG/left_2017_09_26_10_18_01_898.jpg,/Users/cesarluisjaitmanlabaton/Desktop/IMG/right_2017_09_26_10_18_01_898.jpg,-0.05549823,0.08455199,0,12.50007
/Users/cesarluisjaitmanlabaton/Desktop/IMG/center_2017_09_26_10_18_01_979.jpg,/Users/cesarluisjaitmanlabaton/Desktop/IMG/left_2017_09_26_10_18_01_979.jpg,/Users/cesarluisjaitmanlabaton/Desktop/IMG/right_2017_09_26_10_18_01_979.jpg,-0.05549823,0,0,12.48582
/Users/cesarluisjaitmanlabaton/Desktop/IMG/center_2017_09_26_10_18_02_056.jpg,/Users/cesarluisjaitmanlabaton/Desktop/IMG/left_2017_09_26_10_18_02_056.jpg,/Users/cesarluisjaitmanlabaton/Desktop/IMG/right_2017_09_26_10_18_02_056.jpg,-0.05243956,0.2259809,0,12.49393
/Users/cesarluisjaitmanlabaton/Desktop/IMG/center_2017_09_26_10_18_02_211.jpg,/Users/cesarluisjaitmanlabaton/Desktop/IMG/left_2017_09_26_10_18_02_211.jpg,/Users/cesarluisjaitmanlabaton/Desktop/IMG/right_2017_09_26_10_18_02_211.jpg,-0.04938089,0.6639209,0,13.56143
/Users/cesarluisjaitmanlabaton/Desktop/IMG/center_2017_09_26_10_18_02_290.jpg,/Users/cesarluisjaitmanlabaton/Desktop/IMG/left_2017_09_26_10_18_02_290.jpg,/Users/cesarluisjaitmanlabaton/Desktop/IMG/right_2017_09_26_10_18_02_290.jpg,-0.04938089,0.4000109,0,13.63748
/Users/cesarluisjaitmanlabaton/Desktop/IMG/center_2017_09_26_10_18_02_392.jpg,/Users/cesarluisjaitmanlabaton/Desktop/IMG/left_2017_09_26_10_18_02_392.jpg,/Users/cesarluisjaitmanlabaton/Desktop/IMG/right_2017_09_26_10_18_02_392.jpg,-0.04938089,0.120171,0,13.61939
/Users/cesarluisjaitmanlabaton/Desktop/IMG/center_2017_09_26_10_18_02_464.jpg,/Users/cesarluisjaitmanlabaton/Desktop/IMG/left_2017_09_26_10_18_02_464.jpg,/Users/cesarluisjaitmanlabaton/Desktop/IMG/right_2017_09_26_10_18_02_464.jpg,-0.05557193,0,0,13.9674
/Users/cesarluisjaitmanlabaton/Desktop/IMG/center_2017_09_26_10_18_02_533.jpg,/Users/cesarluisjaitmanlabaton/Desktop/IMG/left_2017_09_26_10_18_02_533.jpg,/Users/cesarluisjaitmanlabaton/Desktop/IMG/right_2017_09_26_10_18_02_533.jpg,-0.05866745,0,0,13.33694
/Users/cesarluisjaitmanlabaton/Desktop/IMG/center_2017_09_26_10_18_02_608.jpg,/Users/cesarluisjaitmanlabaton/Desktop/IMG/left_2017_09_26_10_18_02_608.jpg,/Users/cesarluisjaitmanlabaton/Desktop/IMG/right_2017_09_26_10_18_02_608.jpg,-0.06176297,0,0,13.24063
/Users/cesarluisjaitmanlabaton/Desktop/IMG/center_2017_09_26_10_18_02_703.jpg,/Users/cesarluisjaitmanlabaton/Desktop/IMG/left_2017_09_26_10_18_02_703.jpg,/Users/cesarluisjaitmanlabaton/Desktop/IMG/right_2017_09_26_10_18_02_703.jpg,-0.07104953,0,0,13.08449
/Users/cesarluisjaitmanlabaton/Desktop/IMG/center_2017_09_26_10_18_02_785.jpg,/Users/cesarluisjaitmanlabaton/Desktop/IMG/left_2017_09_26_10_18_02_785.jpg,/Users/cesarluisjaitmanlabaton/Desktop/IMG/right_2017_09_26_10_18_02_785.jpg,-0.08033609,0,0,12.9737
/Users/cesarluisjaitmanlabaton/Desktop/IMG/center_2017_09_26_10_18_02_856.jpg,/Users/cesarluisjaitmanlabaton/Desktop/IMG/left_2017_09_26_10_18_02_856.jpg,/Users/cesarluisjaitmanlabaton/Desktop/IMG/right_2017_09_26_10_18_02_856.jpg,-0.08343161,0,0,12.86419
/Users/cesarluisjaitmanlabaton/Desktop/IMG/center_2017_09_26_10_18_02_928.jpg,/Users/cesarluisjaitmanlabaton/Desktop/IMG/left_2017_09_26_10_18_02_928.jpg,/Users/cesarluisjaitmanlabaton/Desktop/IMG/right_2017_09_26_10_18_02_928.jpg,-0.08343161,0,0,12.75513
/Users/cesarluisjaitmanlabaton/Desktop/IMG/center_2017_09_26_10_18_02_997.jpg,/Users/cesarluisjaitmanlabaton/Desktop/IMG/left_2017_09_26_10_18_02_997.jpg,/Users/cesarluisjaitmanlabaton/Desktop/IMG/right_2017_09_26_10_18_02_997.jpg,0,0,0,13.23378
/Users/cesarluisjaitmanlabaton/Desktop/IMG/center_2017_09_26_10_18_03_063.jpg,/Users/cesarluisjaitmanlabaton/Desktop/IMG/left_2017_09_26_10_18_03_063.jpg,/Users/cesarluisjaitmanlabaton/Desktop/IMG/right_2017_09_26_10_18_03_063.jpg,0,0,0,13.12571
/Users/cesarluisjaitmanlabaton/Desktop/IMG/center_2017_09_26_10_18_03_263.jpg,/Users/cesarluisjaitmanlabaton/Desktop/IMG/left_2017_09_26_10_18_03_263.jpg,/Users/cesarluisjaitmanlabaton/Desktop/IMG/right_2017_09_26_10_18_03_263.jpg,0,0,0,12.32985
/Users/cesarluisjaitmanlabaton/Desktop/IMG/center_2017_09_26_10_18_03_385.jpg,/Users/cesarluisjaitmanlabaton/Desktop/IMG/left_2017_09_26_10_18_03_385.jpg,/Users/cesarluisjaitmanlabaton/Desktop/IMG/right_2017_09_26_10_18_03_385.jpg,0,0,0,12.755
/Users/cesarluisjaitmanlabaton/Desktop/IMG/center_2017_09_26_10_18_03_576.jpg,/Users/cesarluisjaitmanlabaton/Desktop/IMG/left_2017_09_26_10_18_03_576.jpg,/Users/cesarluisjaitmanlabaton/Desktop/IMG/right_2017_09_26_10_18_03_576.jpg,0,0,0,12.02039
/Users/cesarluisjaitmanlabaton/Desktop/IMG/center_2017_09_26_10_18_03_732.jpg,/Users/cesarluisjaitmanlabaton/Desktop/IMG/left_2017_09_26_10_18_03_732.jpg,/Users/cesarluisjaitmanlabaton/Desktop/IMG/right_2017_09_26_10_18_03_732.jpg,0,0,0,11.76801
