/Users/cesarluisjaitmanlabaton/Desktop/IMG/center_2017_09_26_10_14_13_068.jpg,/Users/cesarluisjaitmanlabaton/Desktop/IMG/left_2017_09_26_10_14_13_068.jpg,/Users/cesarluisjaitmanlabaton/Desktop/IMG/right_2017_09_26_10_14_13_068.jpg,0,0,0,2.006633
/Users/cesarluisjaitmanlabaton/Desktop/IMG/center_2017_09_26_10_14_13_135.jpg,/Users/cesarluisjaitmanlabaton/Desktop/IMG/left_2017_09_26_10_14_13_135.jpg,/Users/cesarluisjaitmanlabaton/Desktop/IMG/right_2017_09_26_10_14_13_135.jpg,0,0,0,2.015626
/Users/cesarluisjaitmanlabaton/Desktop/IMG/center_2017_09_26_10_14_13_205.jpg,/Users/cesarluisjaitmanlabaton/Desktop/IMG/left_2017_09_26_10_14_13_205.jpg,/Users/cesarluisjaitmanlabaton/Desktop/IMG/right_2017_09_26_10_14_13_205.jpg,0,0,0,2.027014
/Users/cesarluisjaitmanlabaton/Desktop/IMG/center_2017_09_26_10_14_13_274.jpg,/Users/cesarluisjaitmanlabaton/Desktop/IMG/left_2017_09_26_10_14_13_274.jpg,/Users/cesarluisjaitmanlabaton/Desktop/IMG/right_2017_09_26_10_14_13_274.jpg,0,0,0,2.035254
/Users/cesarluisjaitmanlabaton/Desktop/IMG/center_2017_09_26_10_14_13_346.jpg,/Users/cesarluisjaitmanlabaton/Desktop/IMG/left_2017_09_26_10_14_13_346.jpg,/Users/cesarluisjaitmanlabaton/Desktop/IMG/right_2017_09_26_10_14_13_346.jpg,0,0,0,2.045711
/Users/cesarluisjaitmanlabaton/Desktop/IMG/center_2017_09_26_10_14_13_432.jpg,/Users/cesarluisjaitmanlabaton/Desktop/IMG/left_2017_09_26_10_14_13_432.jpg,/Users/cesarluisjaitmanlabaton/Desktop/IMG/right_2017_09_26_10_14_13_432.jpg,0,0,0,2.052957
/Users/cesarluisjaitmanlabaton/Desktop/IMG/center_2017_09_26_10_14_13_528.jpg,/Users/cesarluisjaitmanlabaton/Desktop/IMG/left_2017_09_26_10_14_13_528.jpg,/Users/cesarluisjaitmanlabaton/Desktop/IMG/right_2017_09_26_10_14_13_528.jpg,0,0,0,2.064909
/Users/cesarluisjaitmanlabaton/Desktop/IMG/center_2017_09_26_10_14_13_603.jpg,/Users/cesarluisjaitmanlabaton/Desktop/IMG/left_2017_09_26_10_14_13_603.jpg,/Users/cesarluisjaitmanlabaton/Desktop/IMG/right_2017_09_26_10_14_13_603.jpg,0,0,0,2.073664
/Users/cesarluisjaitmanlabaton/Desktop/IMG/center_2017_09_26_10_14_13_722.jpg,/Users/cesarluisjaitmanlabaton/Desktop/IMG/left_2017_09_26_10_14_13_722.jpg,/Users/cesarluisjaitmanlabaton/Desktop/IMG/right_2017_09_26_10_14_13_722.jpg,0,0,0,2.085926
/Users/cesarluisjaitmanlabaton/Desktop/IMG/center_2017_09_26_10_14_13_796.jpg,/Users/cesarluisjaitmanlabaton/Desktop/IMG/left_2017_09_26_10_14_13_796.jpg,/Users/cesarluisjaitmanlabaton/Desktop/IMG/right_2017_09_26_10_14_13_796.jpg,0,0,0,2.09169
/Users/cesarluisjaitmanlabaton/Desktop/IMG/center_2017_09_26_10_14_13_914.jpg,/Users/cesarluisjaitmanlabaton/Desktop/IMG/left_2017_09_26_10_14_13_914.jpg,/Users/cesarluisjaitmanlabaton/Desktop/IMG/right_2017_09_26_10_14_13_914.jpg,0,0,0,2.102697
/Users/cesarluisjaitmanlabaton/Desktop/IMG/center_2017_09_26_10_14_13_996.jpg,/Users/cesarluisjaitmanlabaton/Desktop/IMG/left_2017_09_26_10_14_13_996.jpg,/Users/cesarluisjaitmanlabaton/Desktop/IMG/right_2017_09_26_10_14_13_996.jpg,0,0,0,2.109673
/Users/cesarluisjaitmanlabaton/Desktop/IMG/center_2017_09_26_10_14_14_104.jpg,/Users/cesarluisjaitmanlabaton/Desktop/IMG/left_2017_09_26_10_14_14_104.jpg,/Users/cesarluisjaitmanlabaton/Desktop/IMG/right_2017_09_26_10_14_14_104.jpg,0,0,0,2.119584
/Users/cesarluisjaitmanlabaton/Desktop/IMG/center_2017_09_26_10_14_14_189.jpg,/Users/cesarluisjaitmanlabaton/Desktop/IMG/left_2017_09_26_10_14_14_189.jpg,/Users/cesarluisjaitmanlabaton/Desktop/IMG/right_2017_09_26_10_14_14_189.jpg,0,0.2567672,0,1.899932
/Users/cesarluisjaitmanlabaton/Desktop/IMG/center_2017_09_26_10_14_14_330.jpg,/Users/cesarluisjaitmanlabaton/Desktop/IMG/left_2017_09_26_10_14_14_330.jpg,/Users/cesarluisjaitmanlabaton/Desktop/IMG/right_2017_09_26_10_14_14_330.jpg,0,0.5808871,0,1.218736
/Users/cesarluisjaitmanlabaton/Desktop/IMG/center_2017_09_26_10_14_14_399.jpg,/Users/cesarluisjaitmanlabaton/Desktop/IMG/left_2017_09_26_10_14_14_399.jpg,/Users/cesarluisjaitmanlabaton/Desktop/IMG/right_2017_09_26_10_14_14_399.jpg,0,0.807246,0,0.6795409
/Users/cesarluisjaitmanlabaton/Desktop/IMG/center_2017_09_26_10_14_14_503.jpg,/Users/cesarluisjaitmanlabaton/Desktop/IMG/left_2017_09_26_10_14_14_503.jpg,/Users/cesarluisjaitmanlabaton/Desktop/IMG/right_2017_09_26_10_14_14_503.jpg,0,1,0,0.3918422
/Users/cesarluisjaitmanlabaton/Desktop/IMG/center_2017_09_26_10_14_14_656.jpg,/Users/cesarluisjaitmanlabaton/Desktop/IMG/left_2017_09_26_10_14_14_656.jpg,/Users/cesarluisjaitmanlabaton/Desktop/IMG/right_2017_09_26_10_14_14_656.jpg,0,1,0,1.977844
/Users/cesarluisjaitmanlabaton/Desktop/IMG/center_2017_09_26_10_14_14_788.jpg,/Users/cesarluisjaitmanlabaton/Desktop/IMG/left_2017_09_26_10_14_14_788.jpg,/Users/cesarluisjaitmanlabaton/Desktop/IMG/right_2017_09_26_10_14_14_788.jpg,0,1,0,3.145782
/Users/cesarluisjaitmanlabaton/Desktop/IMG/center_2017_09_26_10_14_14_820.jpg,/Users/cesarluisjaitmanlabaton/Desktop/IMG/left_2017_09_26_10_14_14_820.jpg,/Users/cesarluisjaitmanlabaton/Desktop/IMG/right_2017_09_26_10_14_14_820.jpg,0,1,0,4.00569
/Users/cesarluisjaitmanlabaton/Desktop/IMG/center_2017_09_26_10_14_14_895.jpg,/Users/cesarluisjaitmanlabaton/Desktop/IMG/left_2017_09_26_10_14_14_895.jpg,/Users/cesarluisjaitmanlabaton/Desktop/IMG/right_2017_09_26_10_14_14_895.jpg,0,1,0,4.683442
/Users/cesarluisjaitmanlabaton/Desktop/IMG/center_2017_09_26_10_14_14_967.jpg,/Users/cesarluisjaitmanlabaton/Desktop/IMG/left_2017_09_26_10_14_14_967.jpg,/Users/cesarluisjaitmanlabaton/Desktop/IMG/right_2017_09_26_10_14_14_967.jpg,0,1,0,5.555041
/Users/cesarluisjaitmanlabaton/Desktop/IMG/center_2017_09_26_10_14_15_043.jpg,/Users/cesarluisjaitmanlabaton/Desktop/IMG/left_2017_09_26_10_14_15_043.jpg,/Users/cesarluisjaitmanlabaton/Desktop/IMG/right_2017_09_26_10_14_15_043.jpg,0,1,0,6.449111
/Users/cesarluisjaitmanlabaton/Desktop/IMG/center_2017_09_26_10_14_15_111.jpg,/Users/cesarluisjaitmanlabaton/Desktop/IMG/left_2017_09_26_10_14_15_111.jpg,/Users/cesarluisjaitmanlabaton/Desktop/IMG/right_2017_09_26_10_14_15_111.jpg,0.006117335,1,0,7.10922
/Users/cesarluisjaitmanlabaton/Desktop/IMG/center_2017_09_26_10_14_15_206.jpg,/Users/cesarluisjaitmanlabaton/Desktop/IMG/left_2017_09_26_10_14_15_206.jpg,/Users/cesarluisjaitmanlabaton/Desktop/IMG/right_2017_09_26_10_14_15_206.jpg,0.0402786,0.7174901,0,7.8773
/Users/cesarluisjaitmanlabaton/Desktop/IMG/center_2017_09_26_10_14_15_297.jpg,/Users/cesarluisjaitmanlabaton/Desktop/IMG/left_2017_09_26_10_14_15_297.jpg,/Users/cesarluisjaitmanlabaton/Desktop/IMG/right_2017_09_26_10_14_15_297.jpg,0.08107311,0.4456421,0,8.367976
/Users/cesarluisjaitmanlabaton/Desktop/IMG/center_2017_09_26_10_14_15_398.jpg,/Users/cesarluisjaitmanlabaton/Desktop/IMG/left_2017_09_26_10_14_15_398.jpg,/Users/cesarluisjaitmanlabaton/Desktop/IMG/right_2017_09_26_10_14_15_398.jpg,0.08719045,0.139825,0,8.549112
/Users/cesarluisjaitmanlabaton/Desktop/IMG/center_2017_09_26_10_14_15_482.jpg,/Users/cesarluisjaitmanlabaton/Desktop/IMG/left_2017_09_26_10_14_15_482.jpg,/Users/cesarluisjaitmanlabaton/Desktop/IMG/right_2017_09_26_10_14_15_482.jpg,0.09024911,0,0,8.443398
/Users/cesarluisjaitmanlabaton/Desktop/IMG/center_2017_09_26_10_14_15_555.jpg,/Users/cesarluisjaitmanlabaton/Desktop/IMG/left_2017_09_26_10_14_15_555.jpg,/Users/cesarluisjaitmanlabaton/Desktop/IMG/right_2017_09_26_10_14_15_555.jpg,0.09024911,0,0,8.351096
/Users/cesarluisjaitmanlabaton/Desktop/IMG/center_2017_09_26_10_14_15_675.jpg,/Users/cesarluisjaitmanlabaton/Desktop/IMG/left_2017_09_26_10_14_15_675.jpg,/Users/cesarluisjaitmanlabaton/Desktop/IMG/right_2017_09_26_10_14_15_675.jpg,0.09330778,0,0,8.171628
/Users/cesarluisjaitmanlabaton/Desktop/IMG/center_2017_09_26_10_14_15_752.jpg,/Users/cesarluisjaitmanlabaton/Desktop/IMG/left_2017_09_26_10_14_15_752.jpg,/Users/cesarluisjaitmanlabaton/Desktop/IMG/right_2017_09_26_10_14_15_752.jpg,0.1116598,0,0,8.056566
/Users/cesarluisjaitmanlabaton/Desktop/IMG/center_2017_09_26_10_14_15_826.jpg,/Users/cesarluisjaitmanlabaton/Desktop/IMG/left_2017_09_26_10_14_15_826.jpg,/Users/cesarluisjaitmanlabaton/Desktop/IMG/right_2017_09_26_10_14_15_826.jpg,0.1238945,0,0,7.944973
/Users/cesarluisjaitmanlabaton/Desktop/IMG/center_2017_09_26_10_14_15_921.jpg,/Users/cesarluisjaitmanlabaton/Desktop/IMG/left_2017_09_26_10_14_15_921.jpg,/Users/cesarluisjaitmanlabaton/Desktop/IMG/right_2017_09_26_10_14_15_921.jpg,0.1330705,0,0,7.835227
/Users/cesarluisjaitmanlabaton/Desktop/IMG/center_2017_09_26_10_14_15_993.jpg,/Users/cesarluisjaitmanlabaton/Desktop/IMG/left_2017_09_26_10_14_15_993.jpg,/Users/cesarluisjaitmanlabaton/Desktop/IMG/right_2017_09_26_10_14_15_993.jpg,0.1391878,0,0,7.7745
/Users/cesarluisjaitmanlabaton/Desktop/IMG/center_2017_09_26_10_14_16_135.jpg,/Users/cesarluisjaitmanlabaton/Desktop/IMG/left_2017_09_26_10_14_16_135.jpg,/Users/cesarluisjaitmanlabaton/Desktop/IMG/right_2017_09_26_10_14_16_135.jpg,0.1514225,0,0,7.619527
/Users/cesarluisjaitmanlabaton/Desktop/IMG/center_2017_09_26_10_14_16_264.jpg,/Users/cesarluisjaitmanlabaton/Desktop/IMG/left_2017_09_26_10_14_16_264.jpg,/Users/cesarluisjaitmanlabaton/Desktop/IMG/right_2017_09_26_10_14_16_264.jpg,0.1514225,0,0,7.661589
/Users/cesarluisjaitmanlabaton/Desktop/IMG/center_2017_09_26_10_14_16_347.jpg,/Users/cesarluisjaitmanlabaton/Desktop/IMG/left_2017_09_26_10_14_16_347.jpg,/Users/cesarluisjaitmanlabaton/Desktop/IMG/right_2017_09_26_10_14_16_347.jpg,0.1639151,0,0,7.602965
/Users/cesarluisjaitmanlabaton/Desktop/IMG/center_2017_09_26_10_14_16_478.jpg,/Users/cesarluisjaitmanlabaton/Desktop/IMG/left_2017_09_26_10_14_16_478.jpg,/Users/cesarluisjaitmanlabaton/Desktop/IMG/right_2017_09_26_10_14_16_478.jpg,0.1669738,0,0,7.451796
/Users/cesarluisjaitmanlabaton/Desktop/IMG/center_2017_09_26_10_14_16_567.jpg,/Users/cesarluisjaitmanlabaton/Desktop/IMG/left_2017_09_26_10_14_16_567.jpg,/Users/cesarluisjaitmanlabaton/Desktop/IMG/right_2017_09_26_10_14_16_567.jpg,0.1669738,0,0,7.397776
/Users/cesarluisjaitmanlabaton/Desktop/IMG/center_2017_09_26_10_14_16_666.jpg,/Users/cesarluisjaitmanlabaton/Desktop/IMG/left_2017_09_26_10_14_16_666.jpg,/Users/cesarluisjaitmanlabaton/Desktop/IMG/right_2017_09_26_10_14_16_666.jpg,0.1669738,0,0,7.330033
/Users/cesarluisjaitmanlabaton/Desktop/IMG/center_2017_09_26_10_14_16_783.jpg,/Users/cesarluisjaitmanlabaton/Desktop/IMG/left_2017_09_26_10_14_16_783.jpg,/Users/cesarluisjaitmanlabaton/Desktop/IMG/right_2017_09_26_10_14_16_783.jpg,0.1669738,0.3490199,0,7.651327
/Users/cesarluisjaitmanlabaton/Desktop/IMG/center_2017_09_26_10_14_16_866.jpg,/Users/cesarluisjaitmanlabaton/Desktop/IMG/left_2017_09_26_10_14_16_866.jpg,/Users/cesarluisjaitmanlabaton/Desktop/IMG/right_2017_09_26_10_14_16_866.jpg,0.1669738,0.6010079,0,8.15496
/Users/cesarluisjaitmanlabaton/Desktop/IMG/center_2017_09_26_10_14_17_005.jpg,/Users/cesarluisjaitmanlabaton/Desktop/IMG/left_2017_09_26_10_14_17_005.jpg,/Users/cesarluisjaitmanlabaton/Desktop/IMG/right_2017_09_26_10_14_17_005.jpg,0.1700324,0.1841789,0,8.551194
/Users/cesarluisjaitmanlabaton/Desktop/IMG/center_2017_09_26_10_14_17_094.jpg,/Users/cesarluisjaitmanlabaton/Desktop/IMG/left_2017_09_26_10_14_17_094.jpg,/Users/cesarluisjaitmanlabaton/Desktop/IMG/right_2017_09_26_10_14_17_094.jpg,0.1761498,0,0,8.51093
/Users/cesarluisjaitmanlabaton/Desktop/IMG/center_2017_09_26_10_14_17_166.jpg,/Users/cesarluisjaitmanlabaton/Desktop/IMG/left_2017_09_26_10_14_17_166.jpg,/Users/cesarluisjaitmanlabaton/Desktop/IMG/right_2017_09_26_10_14_17_166.jpg,0.1947597,0,0,8.468382
/Users/cesarluisjaitmanlabaton/Desktop/IMG/center_2017_09_26_10_14_17_237.jpg,/Users/cesarluisjaitmanlabaton/Desktop/IMG/left_2017_09_26_10_14_17_237.jpg,/Users/cesarluisjaitmanlabaton/Desktop/IMG/right_2017_09_26_10_14_17_237.jpg,0.2192291,0.2118389,0,8.567185
/Users/cesarluisjaitmanlabaton/Desktop/IMG/center_2017_09_26_10_14_17_311.jpg,/Users/cesarluisjaitmanlabaton/Desktop/IMG/left_2017_09_26_10_14_17_311.jpg,/Users/cesarluisjaitmanlabaton/Desktop/IMG/right_2017_09_26_10_14_17_311.jpg,0.2222877,0.43464,0,8.807271
/Users/cesarluisjaitmanlabaton/Desktop/IMG/center_2017_09_26_10_14_17_379.jpg,/Users/cesarluisjaitmanlabaton/Desktop/IMG/left_2017_09_26_10_14_17_379.jpg,/Users/cesarluisjaitmanlabaton/Desktop/IMG/right_2017_09_26_10_14_17_379.jpg,0.2222877,0.6390449,0,9.363812
/Users/cesarluisjaitmanlabaton/Desktop/IMG/center_2017_09_26_10_14_17_451.jpg,/Users/cesarluisjaitmanlabaton/Desktop/IMG/left_2017_09_26_10_14_17_451.jpg,/Users/cesarluisjaitmanlabaton/Desktop/IMG/right_2017_09_26_10_14_17_451.jpg,0.2222877,0.8547928,0,9.918136
/Users/cesarluisjaitmanlabaton/Desktop/IMG/center_2017_09_26_10_14_17_528.jpg,/Users/cesarluisjaitmanlabaton/Desktop/IMG/left_2017_09_26_10_14_17_528.jpg,/Users/cesarluisjaitmanlabaton/Desktop/IMG/right_2017_09_26_10_14_17_528.jpg,0.2222877,1,0,10.8407
/Users/cesarluisjaitmanlabaton/Desktop/IMG/center_2017_09_26_10_14_17_604.jpg,/Users/cesarluisjaitmanlabaton/Desktop/IMG/left_2017_09_26_10_14_17_604.jpg,/Users/cesarluisjaitmanlabaton/Desktop/IMG/right_2017_09_26_10_14_17_604.jpg,0.2222877,1,0,11.54583
/Users/cesarluisjaitmanlabaton/Desktop/IMG/center_2017_09_26_10_14_17_715.jpg,/Users/cesarluisjaitmanlabaton/Desktop/IMG/left_2017_09_26_10_14_17_715.jpg,/Users/cesarluisjaitmanlabaton/Desktop/IMG/right_2017_09_26_10_14_17_715.jpg,0.2160967,0.7687331,0,12.4086
/Users/cesarluisjaitmanlabaton/Desktop/IMG/center_2017_09_26_10_14_17_809.jpg,/Users/cesarluisjaitmanlabaton/Desktop/IMG/left_2017_09_26_10_14_17_809.jpg,/Users/cesarluisjaitmanlabaton/Desktop/IMG/right_2017_09_26_10_14_17_809.jpg,0.2068101,0.483001,0,12.96586
/Users/cesarluisjaitmanlabaton/Desktop/IMG/center_2017_09_26_10_14_17_878.jpg,/Users/cesarluisjaitmanlabaton/Desktop/IMG/left_2017_09_26_10_14_17_878.jpg,/Users/cesarluisjaitmanlabaton/Desktop/IMG/right_2017_09_26_10_14_17_878.jpg,0.1944281,0.2779871,0,12.87307
/Users/cesarluisjaitmanlabaton/Desktop/IMG/center_2017_09_26_10_14_18_013.jpg,/Users/cesarluisjaitmanlabaton/Desktop/IMG/left_2017_09_26_10_14_18_013.jpg,/Users/cesarluisjaitmanlabaton/Desktop/IMG/right_2017_09_26_10_14_18_013.jpg,0.182046,0,0,13.19985
/Users/cesarluisjaitmanlabaton/Desktop/IMG/center_2017_09_26_10_14_18_088.jpg,/Users/cesarluisjaitmanlabaton/Desktop/IMG/left_2017_09_26_10_14_18_088.jpg,/Users/cesarluisjaitmanlabaton/Desktop/IMG/right_2017_09_26_10_14_18_088.jpg,0.1789505,0,0,12.92788
/Users/cesarluisjaitmanlabaton/Desktop/IMG/center_2017_09_26_10_14_18_215.jpg,/Users/cesarluisjaitmanlabaton/Desktop/IMG/left_2017_09_26_10_14_18_215.jpg,/Users/cesarluisjaitmanlabaton/Desktop/IMG/right_2017_09_26_10_14_18_215.jpg,0.1789505,0,0,12.83708
/Users/cesarluisjaitmanlabaton/Desktop/IMG/center_2017_09_26_10_14_18_296.jpg,/Users/cesarluisjaitmanlabaton/Desktop/IMG/left_2017_09_26_10_14_18_296.jpg,/Users/cesarluisjaitmanlabaton/Desktop/IMG/right_2017_09_26_10_14_18_296.jpg,0.1789505,0,0,12.73594
/Users/cesarluisjaitmanlabaton/Desktop/IMG/center_2017_09_26_10_14_18_355.jpg,/Users/cesarluisjaitmanlabaton/Desktop/IMG/left_2017_09_26_10_14_18_355.jpg,/Users/cesarluisjaitmanlabaton/Desktop/IMG/right_2017_09_26_10_14_18_355.jpg,0.1598983,0.263205,0,12.90978
/Users/cesarluisjaitmanlabaton/Desktop/IMG/center_2017_09_26_10_14_18_511.jpg,/Users/cesarluisjaitmanlabaton/Desktop/IMG/left_2017_09_26_10_14_18_511.jpg,/Users/cesarluisjaitmanlabaton/Desktop/IMG/right_2017_09_26_10_14_18_511.jpg,0.1027417,0,0,12.83474
/Users/cesarluisjaitmanlabaton/Desktop/IMG/center_2017_09_26_10_14_18_572.jpg,/Users/cesarluisjaitmanlabaton/Desktop/IMG/left_2017_09_26_10_14_18_572.jpg,/Users/cesarluisjaitmanlabaton/Desktop/IMG/right_2017_09_26_10_14_18_572.jpg,0.08107311,0,0,12.63029
/Users/cesarluisjaitmanlabaton/Desktop/IMG/center_2017_09_26_10_14_18_763.jpg,/Users/cesarluisjaitmanlabaton/Desktop/IMG/left_2017_09_26_10_14_18_763.jpg,/Users/cesarluisjaitmanlabaton/Desktop/IMG/right_2017_09_26_10_14_18_763.jpg,-0.002763856,0,0,12.26873
/Users/cesarluisjaitmanlabaton/Desktop/IMG/center_2017_09_26_10_14_18_870.jpg,/Users/cesarluisjaitmanlabaton/Desktop/IMG/left_2017_09_26_10_14_18_870.jpg,/Users/cesarluisjaitmanlabaton/Desktop/IMG/right_2017_09_26_10_14_18_870.jpg,-0.03158166,0,0,12.18747
/Users/cesarluisjaitmanlabaton/Desktop/IMG/center_2017_09_26_10_14_19_012.jpg,/Users/cesarluisjaitmanlabaton/Desktop/IMG/left_2017_09_26_10_14_19_012.jpg,/Users/cesarluisjaitmanlabaton/Desktop/IMG/right_2017_09_26_10_14_19_012.jpg,-0.09183373,0,0,12.12747
/Users/cesarluisjaitmanlabaton/Desktop/IMG/center_2017_09_26_10_14_19_101.jpg,/Users/cesarluisjaitmanlabaton/Desktop/IMG/left_2017_09_26_10_14_19_101.jpg,/Users/cesarluisjaitmanlabaton/Desktop/IMG/right_2017_09_26_10_14_19_101.jpg,-0.1139814,0,0,11.99115
/Users/cesarluisjaitmanlabaton/Desktop/IMG/center_2017_09_26_10_14_19_164.jpg,/Users/cesarluisjaitmanlabaton/Desktop/IMG/left_2017_09_26_10_14_19_164.jpg,/Users/cesarluisjaitmanlabaton/Desktop/IMG/right_2017_09_26_10_14_19_164.jpg,-0.1458948,0,0,11.90942
/Users/cesarluisjaitmanlabaton/Desktop/IMG/center_2017_09_26_10_14_19_312.jpg,/Users/cesarluisjaitmanlabaton/Desktop/IMG/left_2017_09_26_10_14_19_312.jpg,/Users/cesarluisjaitmanlabaton/Desktop/IMG/right_2017_09_26_10_14_19_312.jpg,-0.2066259,0,0,11.9017
/Users/cesarluisjaitmanlabaton/Desktop/IMG/center_2017_09_26_10_14_19_456.jpg,/Users/cesarluisjaitmanlabaton/Desktop/IMG/left_2017_09_26_10_14_19_456.jpg,/Users/cesarluisjaitmanlabaton/Desktop/IMG/right_2017_09_26_10_14_19_456.jpg,-0.2575914,0,0,11.50696
/Users/cesarluisjaitmanlabaton/Desktop/IMG/center_2017_09_26_10_14_19_594.jpg,/Users/cesarluisjaitmanlabaton/Desktop/IMG/left_2017_09_26_10_14_19_594.jpg,/Users/cesarluisjaitmanlabaton/Desktop/IMG/right_2017_09_26_10_14_19_594.jpg,-0.2575914,0,0,10.94562
/Users/cesarluisjaitmanlabaton/Desktop/IMG/center_2017_09_26_10_14_19_668.jpg,/Users/cesarluisjaitmanlabaton/Desktop/IMG/left_2017_09_26_10_14_19_668.jpg,/Users/cesarluisjaitmanlabaton/Desktop/IMG/right_2017_09_26_10_14_19_668.jpg,-0.2545327,0,0,10.89899
/Users/cesarluisjaitmanlabaton/Desktop/IMG/center_2017_09_26_10_14_19_749.jpg,/Users/cesarluisjaitmanlabaton/Desktop/IMG/left_2017_09_26_10_14_19_749.jpg,/Users/cesarluisjaitmanlabaton/Desktop/IMG/right_2017_09_26_10_14_19_749.jpg,-0.2453567,0,0,10.52615
/Users/cesarluisjaitmanlabaton/Desktop/IMG/center_2017_09_26_10_14_19_825.jpg,/Users/cesarluisjaitmanlabaton/Desktop/IMG/left_2017_09_26_10_14_19_825.jpg,/Users/cesarluisjaitmanlabaton/Desktop/IMG/right_2017_09_26_10_14_19_825.jpg,-0.2392394,0,0,10.14025
/Users/cesarluisjaitmanlabaton/Desktop/IMG/center_2017_09_26_10_14_19_894.jpg,/Users/cesarluisjaitmanlabaton/Desktop/IMG/left_2017_09_26_10_14_19_894.jpg,/Users/cesarluisjaitmanlabaton/Desktop/IMG/right_2017_09_26_10_14_19_894.jpg,-0.2361807,0,0,9.764003
/Users/cesarluisjaitmanlabaton/Desktop/IMG/center_2017_09_26_10_14_19_987.jpg,/Users/cesarluisjaitmanlabaton/Desktop/IMG/left_2017_09_26_10_14_19_987.jpg,/Users/cesarluisjaitmanlabaton/Desktop/IMG/right_2017_09_26_10_14_19_987.jpg,-0.2331221,0.280614,0,9.485013
/Users/cesarluisjaitmanlabaton/Desktop/IMG/center_2017_09_26_10_14_20_070.jpg,/Users/cesarluisjaitmanlabaton/Desktop/IMG/left_2017_09_26_10_14_20_070.jpg,/Users/cesarluisjaitmanlabaton/Desktop/IMG/right_2017_09_26_10_14_20_070.jpg,-0.2331221,0.529428,0,9.785027
/Users/cesarluisjaitmanlabaton/Desktop/IMG/center_2017_09_26_10_14_20_182.jpg,/Users/cesarluisjaitmanlabaton/Desktop/IMG/left_2017_09_26_10_14_20_182.jpg,/Users/cesarluisjaitmanlabaton/Desktop/IMG/right_2017_09_26_10_14_20_182.jpg,-0.2331221,0.8667539,0,10.72388
/Users/cesarluisjaitmanlabaton/Desktop/IMG/center_2017_09_26_10_14_20_260.jpg,/Users/cesarluisjaitmanlabaton/Desktop/IMG/left_2017_09_26_10_14_20_260.jpg,/Users/cesarluisjaitmanlabaton/Desktop/IMG/right_2017_09_26_10_14_20_260.jpg,-0.2331221,1,0,11.24908
/Users/cesarluisjaitmanlabaton/Desktop/IMG/center_2017_09_26_10_14_20_328.jpg,/Users/cesarluisjaitmanlabaton/Desktop/IMG/left_2017_09_26_10_14_20_328.jpg,/Users/cesarluisjaitmanlabaton/Desktop/IMG/right_2017_09_26_10_14_20_328.jpg,-0.2331221,0.7946081,0,11.69505
/Users/cesarluisjaitmanlabaton/Desktop/IMG/center_2017_09_26_10_14_20_525.jpg,/Users/cesarluisjaitmanlabaton/Desktop/IMG/left_2017_09_26_10_14_20_525.jpg,/Users/cesarluisjaitmanlabaton/Desktop/IMG/right_2017_09_26_10_14_20_525.jpg,-0.2331221,0.409144,0,11.76097
/Users/cesarluisjaitmanlabaton/Desktop/IMG/center_2017_09_26_10_14_20_614.jpg,/Users/cesarluisjaitmanlabaton/Desktop/IMG/left_2017_09_26_10_14_20_614.jpg,/Users/cesarluisjaitmanlabaton/Desktop/IMG/right_2017_09_26_10_14_20_614.jpg,-0.4046286,0.04897898,0,12.05963
/Users/cesarluisjaitmanlabaton/Desktop/IMG/center_2017_09_26_10_14_20_731.jpg,/Users/cesarluisjaitmanlabaton/Desktop/IMG/left_2017_09_26_10_14_20_731.jpg,/Users/cesarluisjaitmanlabaton/Desktop/IMG/right_2017_09_26_10_14_20_731.jpg,-0.4602005,0,0,12.1361
/Users/cesarluisjaitmanlabaton/Desktop/IMG/center_2017_09_26_10_14_20_812.jpg,/Users/cesarluisjaitmanlabaton/Desktop/IMG/left_2017_09_26_10_14_20_812.jpg,/Users/cesarluisjaitmanlabaton/Desktop/IMG/right_2017_09_26_10_14_20_812.jpg,-0.4602005,0,0,12.14093
/Users/cesarluisjaitmanlabaton/Desktop/IMG/center_2017_09_26_10_14_20_886.jpg,/Users/cesarluisjaitmanlabaton/Desktop/IMG/left_2017_09_26_10_14_20_886.jpg,/Users/cesarluisjaitmanlabaton/Desktop/IMG/right_2017_09_26_10_14_20_886.jpg,-0.4540831,0,0,12.32153
/Users/cesarluisjaitmanlabaton/Desktop/IMG/center_2017_09_26_10_14_20_957.jpg,/Users/cesarluisjaitmanlabaton/Desktop/IMG/left_2017_09_26_10_14_20_957.jpg,/Users/cesarluisjaitmanlabaton/Desktop/IMG/right_2017_09_26_10_14_20_957.jpg,-0.4387898,0.216489,0,12.30379
/Users/cesarluisjaitmanlabaton/Desktop/IMG/center_2017_09_26_10_14_21_031.jpg,/Users/cesarluisjaitmanlabaton/Desktop/IMG/left_2017_09_26_10_14_21_031.jpg,/Users/cesarluisjaitmanlabaton/Desktop/IMG/right_2017_09_26_10_14_21_031.jpg,-0.4204378,0.4566089,0,12.60262
/Users/cesarluisjaitmanlabaton/Desktop/IMG/center_2017_09_26_10_14_21_142.jpg,/Users/cesarluisjaitmanlabaton/Desktop/IMG/left_2017_09_26_10_14_21_142.jpg,/Users/cesarluisjaitmanlabaton/Desktop/IMG/right_2017_09_26_10_14_21_142.jpg,-0.4173791,0.727323,0,13.34475
/Users/cesarluisjaitmanlabaton/Desktop/IMG/center_2017_09_26_10_14_21_226.jpg,/Users/cesarluisjaitmanlabaton/Desktop/IMG/left_2017_09_26_10_14_21_226.jpg,/Users/cesarluisjaitmanlabaton/Desktop/IMG/right_2017_09_26_10_14_21_226.jpg,-0.4173791,0.4653901,0,13.93501
/Users/cesarluisjaitmanlabaton/Desktop/IMG/center_2017_09_26_10_14_21_315.jpg,/Users/cesarluisjaitmanlabaton/Desktop/IMG/left_2017_09_26_10_14_21_315.jpg,/Users/cesarluisjaitmanlabaton/Desktop/IMG/right_2017_09_26_10_14_21_315.jpg,-0.4173791,0.1921651,0,14.02267
/Users/cesarluisjaitmanlabaton/Desktop/IMG/center_2017_09_26_10_14_21_415.jpg,/Users/cesarluisjaitmanlabaton/Desktop/IMG/left_2017_09_26_10_14_21_415.jpg,/Users/cesarluisjaitmanlabaton/Desktop/IMG/right_2017_09_26_10_14_21_415.jpg,-0.3513783,0,0,13.61751
/Users/cesarluisjaitmanlabaton/Desktop/IMG/center_2017_09_26_10_14_21_481.jpg,/Users/cesarluisjaitmanlabaton/Desktop/IMG/left_2017_09_26_10_14_21_481.jpg,/Users/cesarluisjaitmanlabaton/Desktop/IMG/right_2017_09_26_10_14_21_481.jpg,-0.3131265,0,0,13.57424
/Users/cesarluisjaitmanlabaton/Desktop/IMG/center_2017_09_26_10_14_21_536.jpg,/Users/cesarluisjaitmanlabaton/Desktop/IMG/left_2017_09_26_10_14_21_536.jpg,/Users/cesarluisjaitmanlabaton/Desktop/IMG/right_2017_09_26_10_14_21_536.jpg,-0.2357385,0,0,13.71848
/Users/cesarluisjaitmanlabaton/Desktop/IMG/center_2017_09_26_10_14_21_612.jpg,/Users/cesarluisjaitmanlabaton/Desktop/IMG/left_2017_09_26_10_14_21_612.jpg,/Users/cesarluisjaitmanlabaton/Desktop/IMG/right_2017_09_26_10_14_21_612.jpg,0.04720666,0,0,13.62586
/Users/cesarluisjaitmanlabaton/Desktop/IMG/center_2017_09_26_10_14_21_672.jpg,/Users/cesarluisjaitmanlabaton/Desktop/IMG/left_2017_09_26_10_14_21_672.jpg,/Users/cesarluisjaitmanlabaton/Desktop/IMG/right_2017_09_26_10_14_21_672.jpg,0.1086748,0,0,13.23921
/Users/cesarluisjaitmanlabaton/Desktop/IMG/center_2017_09_26_10_14_21_741.jpg,/Users/cesarluisjaitmanlabaton/Desktop/IMG/left_2017_09_26_10_14_21_741.jpg,/Users/cesarluisjaitmanlabaton/Desktop/IMG/right_2017_09_26_10_14_21_741.jpg,0.1086748,0,0,13.40309
/Users/cesarluisjaitmanlabaton/Desktop/IMG/center_2017_09_26_10_14_21_826.jpg,/Users/cesarluisjaitmanlabaton/Desktop/IMG/left_2017_09_26_10_14_21_826.jpg,/Users/cesarluisjaitmanlabaton/Desktop/IMG/right_2017_09_26_10_14_21_826.jpg,0.1086748,0,0,13.31063
/Users/cesarluisjaitmanlabaton/Desktop/IMG/center_2017_09_26_10_14_21_947.jpg,/Users/cesarluisjaitmanlabaton/Desktop/IMG/left_2017_09_26_10_14_21_947.jpg,/Users/cesarluisjaitmanlabaton/Desktop/IMG/right_2017_09_26_10_14_21_947.jpg,0.1086748,0,0,13.14644
/Users/cesarluisjaitmanlabaton/Desktop/IMG/center_2017_09_26_10_14_22_041.jpg,/Users/cesarluisjaitmanlabaton/Desktop/IMG/left_2017_09_26_10_14_22_041.jpg,/Users/cesarluisjaitmanlabaton/Desktop/IMG/right_2017_09_26_10_14_22_041.jpg,0.1055793,0,0,13.05995
/Users/cesarluisjaitmanlabaton/Desktop/IMG/center_2017_09_26_10_14_22_149.jpg,/Users/cesarluisjaitmanlabaton/Desktop/IMG/left_2017_09_26_10_14_22_149.jpg,/Users/cesarluisjaitmanlabaton/Desktop/IMG/right_2017_09_26_10_14_22_149.jpg,0.09938826,0,0,12.94714
/Users/cesarluisjaitmanlabaton/Desktop/IMG/center_2017_09_26_10_14_22_231.jpg,/Users/cesarluisjaitmanlabaton/Desktop/IMG/left_2017_09_26_10_14_22_231.jpg,/Users/cesarluisjaitmanlabaton/Desktop/IMG/right_2017_09_26_10_14_22_231.jpg,0.08700619,0,0,12.50599
/Users/cesarluisjaitmanlabaton/Desktop/IMG/center_2017_09_26_10_14_22_296.jpg,/Users/cesarluisjaitmanlabaton/Desktop/IMG/left_2017_09_26_10_14_22_296.jpg,/Users/cesarluisjaitmanlabaton/Desktop/IMG/right_2017_09_26_10_14_22_296.jpg,0.05866745,0,0,12.70841
/Users/cesarluisjaitmanlabaton/Desktop/IMG/center_2017_09_26_10_14_22_450.jpg,/Users/cesarluisjaitmanlabaton/Desktop/IMG/left_2017_09_26_10_14_22_450.jpg,/Users/cesarluisjaitmanlabaton/Desktop/IMG/right_2017_09_26_10_14_22_450.jpg,0.04628538,0.3120509,0,12.89758
/Users/cesarluisjaitmanlabaton/Desktop/IMG/center_2017_09_26_10_14_22_604.jpg,/Users/cesarluisjaitmanlabaton/Desktop/IMG/left_2017_09_26_10_14_22_604.jpg,/Users/cesarluisjaitmanlabaton/Desktop/IMG/right_2017_09_26_10_14_22_604.jpg,0.03080778,0.787029,0,13.91591
/Users/cesarluisjaitmanlabaton/Desktop/IMG/center_2017_09_26_10_14_22_739.jpg,/Users/cesarluisjaitmanlabaton/Desktop/IMG/left_2017_09_26_10_14_22_739.jpg,/Users/cesarluisjaitmanlabaton/Desktop/IMG/right_2017_09_26_10_14_22_739.jpg,-0.02524322,1,0,15.04212
/Users/cesarluisjaitmanlabaton/Desktop/IMG/center_2017_09_26_10_14_22_775.jpg,/Users/cesarluisjaitmanlabaton/Desktop/IMG/left_2017_09_26_10_14_22_775.jpg,/Users/cesarluisjaitmanlabaton/Desktop/IMG/right_2017_09_26_10_14_22_775.jpg,-0.1224204,0.7887401,0,15.80634
/Users/cesarluisjaitmanlabaton/Desktop/IMG/center_2017_09_26_10_14_22_843.jpg,/Users/cesarluisjaitmanlabaton/Desktop/IMG/left_2017_09_26_10_14_22_843.jpg,/Users/cesarluisjaitmanlabaton/Desktop/IMG/right_2017_09_26_10_14_22_843.jpg,-0.1589402,0.5837081,0,16.25853
/Users/cesarluisjaitmanlabaton/Desktop/IMG/center_2017_09_26_10_14_22_990.jpg,/Users/cesarluisjaitmanlabaton/Desktop/IMG/left_2017_09_26_10_14_22_990.jpg,/Users/cesarluisjaitmanlabaton/Desktop/IMG/right_2017_09_26_10_14_22_990.jpg,-0.1620357,0.2641751,0,16.10304
/Users/cesarluisjaitmanlabaton/Desktop/IMG/center_2017_09_26_10_14_23_053.jpg,/Users/cesarluisjaitmanlabaton/Desktop/IMG/left_2017_09_26_10_14_23_053.jpg,/Users/cesarluisjaitmanlabaton/Desktop/IMG/right_2017_09_26_10_14_23_053.jpg,-0.1620357,0.05365908,0,15.95815
/Users/cesarluisjaitmanlabaton/Desktop/IMG/center_2017_09_26_10_14_23_101.jpg,/Users/cesarluisjaitmanlabaton/Desktop/IMG/left_2017_09_26_10_14_23_101.jpg,/Users/cesarluisjaitmanlabaton/Desktop/IMG/right_2017_09_26_10_14_23_101.jpg,-0.1620357,0,0,15.82438
/Users/cesarluisjaitmanlabaton/Desktop/IMG/center_2017_09_26_10_14_23_181.jpg,/Users/cesarluisjaitmanlabaton/Desktop/IMG/left_2017_09_26_10_14_23_181.jpg,/Users/cesarluisjaitmanlabaton/Desktop/IMG/right_2017_09_26_10_14_23_181.jpg,-0.216023,0,0,15.69112
/Users/cesarluisjaitmanlabaton/Desktop/IMG/center_2017_09_26_10_14_23_306.jpg,/Users/cesarluisjaitmanlabaton/Desktop/IMG/left_2017_09_26_10_14_23_306.jpg,/Users/cesarluisjaitmanlabaton/Desktop/IMG/right_2017_09_26_10_14_23_306.jpg,-0.2288841,0,0,15.56498
/Users/cesarluisjaitmanlabaton/Desktop/IMG/center_2017_09_26_10_14_23_383.jpg,/Users/cesarluisjaitmanlabaton/Desktop/IMG/left_2017_09_26_10_14_23_383.jpg,/Users/cesarluisjaitmanlabaton/Desktop/IMG/right_2017_09_26_10_14_23_383.jpg,-0.2350752,0,0,15.45081
/Users/cesarluisjaitmanlabaton/Desktop/IMG/center_2017_09_26_10_14_23_479.jpg,/Users/cesarluisjaitmanlabaton/Desktop/IMG/left_2017_09_26_10_14_23_479.jpg,/Users/cesarluisjaitmanlabaton/Desktop/IMG/right_2017_09_26_10_14_23_479.jpg,-0.2350752,0,0,15.84391
/Users/cesarluisjaitmanlabaton/Desktop/IMG/center_2017_09_26_10_14_23_552.jpg,/Users/cesarluisjaitmanlabaton/Desktop/IMG/left_2017_09_26_10_14_23_552.jpg,/Users/cesarluisjaitmanlabaton/Desktop/IMG/right_2017_09_26_10_14_23_552.jpg,-0.2350752,0,0,15.72107
/Users/cesarluisjaitmanlabaton/Desktop/IMG/center_2017_09_26_10_14_23_634.jpg,/Users/cesarluisjaitmanlabaton/Desktop/IMG/left_2017_09_26_10_14_23_634.jpg,/Users/cesarluisjaitmanlabaton/Desktop/IMG/right_2017_09_26_10_14_23_634.jpg,-0.2136645,0.23382,0,15.72073
/Users/cesarluisjaitmanlabaton/Desktop/IMG/center_2017_09_26_10_14_23_779.jpg,/Users/cesarluisjaitmanlabaton/Desktop/IMG/left_2017_09_26_10_14_23_779.jpg,/Users/cesarluisjaitmanlabaton/Desktop/IMG/right_2017_09_26_10_14_23_779.jpg,-0.1856206,0.270723,0,15.37015
/Users/cesarluisjaitmanlabaton/Desktop/IMG/center_2017_09_26_10_14_23_857.jpg,/Users/cesarluisjaitmanlabaton/Desktop/IMG/left_2017_09_26_10_14_23_857.jpg,/Users/cesarluisjaitmanlabaton/Desktop/IMG/right_2017_09_26_10_14_23_857.jpg,-0.1856206,0.499479,0,15.81551
/Users/cesarluisjaitmanlabaton/Desktop/IMG/center_2017_09_26_10_14_23_899.jpg,/Users/cesarluisjaitmanlabaton/Desktop/IMG/left_2017_09_26_10_14_23_899.jpg,/Users/cesarluisjaitmanlabaton/Desktop/IMG/right_2017_09_26_10_14_23_899.jpg,-0.1856206,0.7397161,0,16.33305
/Users/cesarluisjaitmanlabaton/Desktop/IMG/center_2017_09_26_10_14_24_019.jpg,/Users/cesarluisjaitmanlabaton/Desktop/IMG/left_2017_09_26_10_14_24_019.jpg,/Users/cesarluisjaitmanlabaton/Desktop/IMG/right_2017_09_26_10_14_24_019.jpg,-0.1856206,0.492453,0,16.68544
/Users/cesarluisjaitmanlabaton/Desktop/IMG/center_2017_09_26_10_14_24_094.jpg,/Users/cesarluisjaitmanlabaton/Desktop/IMG/left_2017_09_26_10_14_24_094.jpg,/Users/cesarluisjaitmanlabaton/Desktop/IMG/right_2017_09_26_10_14_24_094.jpg,-0.1856206,0.2602801,0,16.77716
/Users/cesarluisjaitmanlabaton/Desktop/IMG/center_2017_09_26_10_14_24_247.jpg,/Users/cesarluisjaitmanlabaton/Desktop/IMG/left_2017_09_26_10_14_24_247.jpg,/Users/cesarluisjaitmanlabaton/Desktop/IMG/right_2017_09_26_10_14_24_247.jpg,-0.1795032,0,0,16.62125
/Users/cesarluisjaitmanlabaton/Desktop/IMG/center_2017_09_26_10_14_24_368.jpg,/Users/cesarluisjaitmanlabaton/Desktop/IMG/left_2017_09_26_10_14_24_368.jpg,/Users/cesarluisjaitmanlabaton/Desktop/IMG/right_2017_09_26_10_14_24_368.jpg,-0.1949808,0,0,16.34462
/Users/cesarluisjaitmanlabaton/Desktop/IMG/center_2017_09_26_10_14_24_474.jpg,/Users/cesarluisjaitmanlabaton/Desktop/IMG/left_2017_09_26_10_14_24_474.jpg,/Users/cesarluisjaitmanlabaton/Desktop/IMG/right_2017_09_26_10_14_24_474.jpg,-0.1949808,0,0,16.71934
/Users/cesarluisjaitmanlabaton/Desktop/IMG/center_2017_09_26_10_14_24_526.jpg,/Users/cesarluisjaitmanlabaton/Desktop/IMG/left_2017_09_26_10_14_24_526.jpg,/Users/cesarluisjaitmanlabaton/Desktop/IMG/right_2017_09_26_10_14_24_526.jpg,-0.1705115,0,0,16.59104
/Users/cesarluisjaitmanlabaton/Desktop/IMG/center_2017_09_26_10_14_24_633.jpg,/Users/cesarluisjaitmanlabaton/Desktop/IMG/left_2017_09_26_10_14_24_633.jpg,/Users/cesarluisjaitmanlabaton/Desktop/IMG/right_2017_09_26_10_14_24_633.jpg,-0.1552182,0,0,16.39776
/Users/cesarluisjaitmanlabaton/Desktop/IMG/center_2017_09_26_10_14_24_762.jpg,/Users/cesarluisjaitmanlabaton/Desktop/IMG/left_2017_09_26_10_14_24_762.jpg,/Users/cesarluisjaitmanlabaton/Desktop/IMG/right_2017_09_26_10_14_24_762.jpg,-0.1307488,0,0,16.20686
/Users/cesarluisjaitmanlabaton/Desktop/IMG/center_2017_09_26_10_14_24_907.jpg,/Users/cesarluisjaitmanlabaton/Desktop/IMG/left_2017_09_26_10_14_24_907.jpg,/Users/cesarluisjaitmanlabaton/Desktop/IMG/right_2017_09_26_10_14_24_907.jpg,0.0351194,0,0,15.43331
/Users/cesarluisjaitmanlabaton/Desktop/IMG/center_2017_09_26_10_14_25_008.jpg,/Users/cesarluisjaitmanlabaton/Desktop/IMG/left_2017_09_26_10_14_25_008.jpg,/Users/cesarluisjaitmanlabaton/Desktop/IMG/right_2017_09_26_10_14_25_008.jpg,0.1196934,0,0,15.79273
/Users/cesarluisjaitmanlabaton/Desktop/IMG/center_2017_09_26_10_14_25_062.jpg,/Users/cesarluisjaitmanlabaton/Desktop/IMG/left_2017_09_26_10_14_25_062.jpg,/Users/cesarluisjaitmanlabaton/Desktop/IMG/right_2017_09_26_10_14_25_062.jpg,0.1135024,0,0,15.15602
/Users/cesarluisjaitmanlabaton/Desktop/IMG/center_2017_09_26_10_14_25_167.jpg,/Users/cesarluisjaitmanlabaton/Desktop/IMG/left_2017_09_26_10_14_25_167.jpg,/Users/cesarluisjaitmanlabaton/Desktop/IMG/right_2017_09_26_10_14_25_167.jpg,0.06611144,0,0,15.55091
/Users/cesarluisjaitmanlabaton/Desktop/IMG/center_2017_09_26_10_14_25_294.jpg,/Users/cesarluisjaitmanlabaton/Desktop/IMG/left_2017_09_26_10_14_25_294.jpg,/Users/cesarluisjaitmanlabaton/Desktop/IMG/right_2017_09_26_10_14_25_294.jpg,-0.008918042,0,0,15.37821
/Users/cesarluisjaitmanlabaton/Desktop/IMG/center_2017_09_26_10_14_25_369.jpg,/Users/cesarluisjaitmanlabaton/Desktop/IMG/left_2017_09_26_10_14_25_369.jpg,/Users/cesarluisjaitmanlabaton/Desktop/IMG/right_2017_09_26_10_14_25_369.jpg,-0.03154481,0,0,15.25564
/Users/cesarluisjaitmanlabaton/Desktop/IMG/center_2017_09_26_10_14_25_455.jpg,/Users/cesarluisjaitmanlabaton/Desktop/IMG/left_2017_09_26_10_14_25_455.jpg,/Users/cesarluisjaitmanlabaton/Desktop/IMG/right_2017_09_26_10_14_25_455.jpg,-0.03154481,0,0,14.59174
/Users/cesarluisjaitmanlabaton/Desktop/IMG/center_2017_09_26_10_14_25_559.jpg,/Users/cesarluisjaitmanlabaton/Desktop/IMG/left_2017_09_26_10_14_25_559.jpg,/Users/cesarluisjaitmanlabaton/Desktop/IMG/right_2017_09_26_10_14_25_559.jpg,-0.03154481,0,0,14.95504
/Users/cesarluisjaitmanlabaton/Desktop/IMG/center_2017_09_26_10_14_25_689.jpg,/Users/cesarluisjaitmanlabaton/Desktop/IMG/left_2017_09_26_10_14_25_689.jpg,/Users/cesarluisjaitmanlabaton/Desktop/IMG/right_2017_09_26_10_14_25_689.jpg,-0.04440596,0,0,14.78002
/Users/cesarluisjaitmanlabaton/Desktop/IMG/center_2017_09_26_10_14_25_768.jpg,/Users/cesarluisjaitmanlabaton/Desktop/IMG/left_2017_09_26_10_14_25_768.jpg,/Users/cesarluisjaitmanlabaton/Desktop/IMG/right_2017_09_26_10_14_25_768.jpg,-0.07370283,0,0,14.66374
/Users/cesarluisjaitmanlabaton/Desktop/IMG/center_2017_09_26_10_14_25_848.jpg,/Users/cesarluisjaitmanlabaton/Desktop/IMG/left_2017_09_26_10_14_25_848.jpg,/Users/cesarluisjaitmanlabaton/Desktop/IMG/right_2017_09_26_10_14_25_848.jpg,-0.07679835,0,0,14.55152
/Users/cesarluisjaitmanlabaton/Desktop/IMG/center_2017_09_26_10_14_25_929.jpg,/Users/cesarluisjaitmanlabaton/Desktop/IMG/left_2017_09_26_10_14_25_929.jpg,/Users/cesarluisjaitmanlabaton/Desktop/IMG/right_2017_09_26_10_14_25_929.jpg,-0.07679835,0,0,14.4277
/Users/cesarluisjaitmanlabaton/Desktop/IMG/center_2017_09_26_10_14_26_051.jpg,/Users/cesarluisjaitmanlabaton/Desktop/IMG/left_2017_09_26_10_14_26_051.jpg,/Users/cesarluisjaitmanlabaton/Desktop/IMG/right_2017_09_26_10_14_26_051.jpg,-0.05232901,0,0,13.75838
/Users/cesarluisjaitmanlabaton/Desktop/IMG/center_2017_09_26_10_14_26_153.jpg,/Users/cesarluisjaitmanlabaton/Desktop/IMG/left_2017_09_26_10_14_26_153.jpg,/Users/cesarluisjaitmanlabaton/Desktop/IMG/right_2017_09_26_10_14_26_153.jpg,-0.043153,0,0,14.1212
/Users/cesarluisjaitmanlabaton/Desktop/IMG/center_2017_09_26_10_14_26_233.jpg,/Users/cesarluisjaitmanlabaton/Desktop/IMG/left_2017_09_26_10_14_26_233.jpg,/Users/cesarluisjaitmanlabaton/Desktop/IMG/right_2017_09_26_10_14_26_233.jpg,-0.04009434,0,0,13.46223
/Users/cesarluisjaitmanlabaton/Desktop/IMG/center_2017_09_26_10_14_26_343.jpg,/Users/cesarluisjaitmanlabaton/Desktop/IMG/left_2017_09_26_10_14_26_343.jpg,/Users/cesarluisjaitmanlabaton/Desktop/IMG/right_2017_09_26_10_14_26_343.jpg,-0.04009434,0,0,13.74501
/Users/cesarluisjaitmanlabaton/Desktop/IMG/center_2017_09_26_10_14_26_496.jpg,/Users/cesarluisjaitmanlabaton/Desktop/IMG/left_2017_09_26_10_14_26_496.jpg,/Users/cesarluisjaitmanlabaton/Desktop/IMG/right_2017_09_26_10_14_26_496.jpg,-0.04318986,0,0,12.99382
/Users/cesarluisjaitmanlabaton/Desktop/IMG/center_2017_09_26_10_14_26_574.jpg,/Users/cesarluisjaitmanlabaton/Desktop/IMG/left_2017_09_26_10_14_26_574.jpg,/Users/cesarluisjaitmanlabaton/Desktop/IMG/right_2017_09_26_10_14_26_574.jpg,-0.04628538,0.2410469,0,13.10979
/Users/cesarluisjaitmanlabaton/Desktop/IMG/center_2017_09_26_10_14_26_656.jpg,/Users/cesarluisjaitmanlabaton/Desktop/IMG/left_2017_09_26_10_14_26_656.jpg,/Users/cesarluisjaitmanlabaton/Desktop/IMG/right_2017_09_26_10_14_26_656.jpg,-0.05247642,0.484113,0,13.42529
/Users/cesarluisjaitmanlabaton/Desktop/IMG/center_2017_09_26_10_14_26_749.jpg,/Users/cesarluisjaitmanlabaton/Desktop/IMG/left_2017_09_26_10_14_26_749.jpg,/Users/cesarluisjaitmanlabaton/Desktop/IMG/right_2017_09_26_10_14_26_749.jpg,-0.07414505,0.231846,0,13.74563
/Users/cesarluisjaitmanlabaton/Desktop/IMG/center_2017_09_26_10_14_26_826.jpg,/Users/cesarluisjaitmanlabaton/Desktop/IMG/left_2017_09_26_10_14_26_826.jpg,/Users/cesarluisjaitmanlabaton/Desktop/IMG/right_2017_09_26_10_14_26_826.jpg,-0.09581368,0,0,13.56738
/Users/cesarluisjaitmanlabaton/Desktop/IMG/center_2017_09_26_10_14_26_902.jpg,/Users/cesarluisjaitmanlabaton/Desktop/IMG/left_2017_09_26_10_14_26_902.jpg,/Users/cesarluisjaitmanlabaton/Desktop/IMG/right_2017_09_26_10_14_26_902.jpg,-0.1241524,0,0,13.38574
/Users/cesarluisjaitmanlabaton/Desktop/IMG/center_2017_09_26_10_14_27_041.jpg,/Users/cesarluisjaitmanlabaton/Desktop/IMG/left_2017_09_26_10_14_27_041.jpg,/Users/cesarluisjaitmanlabaton/Desktop/IMG/right_2017_09_26_10_14_27_041.jpg,-0.1272479,0,0,13.27011
/Users/cesarluisjaitmanlabaton/Desktop/IMG/center_2017_09_26_10_14_27_135.jpg,/Users/cesarluisjaitmanlabaton/Desktop/IMG/left_2017_09_26_10_14_27_135.jpg,/Users/cesarluisjaitmanlabaton/Desktop/IMG/right_2017_09_26_10_14_27_135.jpg,-0.1272479,0,0,13.62362
/Users/cesarluisjaitmanlabaton/Desktop/IMG/center_2017_09_26_10_14_27_433.jpg,/Users/cesarluisjaitmanlabaton/Desktop/IMG/left_2017_09_26_10_14_27_433.jpg,/Users/cesarluisjaitmanlabaton/Desktop/IMG/right_2017_09_26_10_14_27_433.jpg,-0.1211306,0,0,12.65572
/Users/cesarluisjaitmanlabaton/Desktop/IMG/center_2017_09_26_10_14_27_523.jpg,/Users/cesarluisjaitmanlabaton/Desktop/IMG/left_2017_09_26_10_14_27_523.jpg,/Users/cesarluisjaitmanlabaton/Desktop/IMG/right_2017_09_26_10_14_27_523.jpg,-0.1211306,0.2522521,0,12.77582
/Users/cesarluisjaitmanlabaton/Desktop/IMG/center_2017_09_26_10_14_27_615.jpg,/Users/cesarluisjaitmanlabaton/Desktop/IMG/left_2017_09_26_10_14_27_615.jpg,/Users/cesarluisjaitmanlabaton/Desktop/IMG/right_2017_09_26_10_14_27_615.jpg,-0.1119546,0,0,13.2446
/Users/cesarluisjaitmanlabaton/Desktop/IMG/center_2017_09_26_10_14_27_698.jpg,/Users/cesarluisjaitmanlabaton/Desktop/IMG/left_2017_09_26_10_14_27_698.jpg,/Users/cesarluisjaitmanlabaton/Desktop/IMG/right_2017_09_26_10_14_27_698.jpg,-0.09971993,0,0,12.66468
/Users/cesarluisjaitmanlabaton/Desktop/IMG/center_2017_09_26_10_14_27_803.jpg,/Users/cesarluisjaitmanlabaton/Desktop/IMG/left_2017_09_26_10_14_27_803.jpg,/Users/cesarluisjaitmanlabaton/Desktop/IMG/right_2017_09_26_10_14_27_803.jpg,-0.0844266,0,0,12.99295
/Users/cesarluisjaitmanlabaton/Desktop/IMG/center_2017_09_26_10_14_27_908.jpg,/Users/cesarluisjaitmanlabaton/Desktop/IMG/left_2017_09_26_10_14_27_908.jpg,/Users/cesarluisjaitmanlabaton/Desktop/IMG/right_2017_09_26_10_14_27_908.jpg,-0.0221477,0,0,12.81944
/Users/cesarluisjaitmanlabaton/Desktop/IMG/center_2017_09_26_10_14_27_977.jpg,/Users/cesarluisjaitmanlabaton/Desktop/IMG/left_2017_09_26_10_14_27_977.jpg,/Users/cesarluisjaitmanlabaton/Desktop/IMG/right_2017_09_26_10_14_27_977.jpg,-0.0221477,0,0,12.22611
/Users/cesarluisjaitmanlabaton/Desktop/IMG/center_2017_09_26_10_14_28_107.jpg,/Users/cesarluisjaitmanlabaton/Desktop/IMG/left_2017_09_26_10_14_28_107.jpg,/Users/cesarluisjaitmanlabaton/Desktop/IMG/right_2017_09_26_10_14_28_107.jpg,-0.02524322,0,0,12.16908
/Users/cesarluisjaitmanlabaton/Desktop/IMG/center_2017_09_26_10_14_28_228.jpg,/Users/cesarluisjaitmanlabaton/Desktop/IMG/left_2017_09_26_10_14_28_228.jpg,/Users/cesarluisjaitmanlabaton/Desktop/IMG/right_2017_09_26_10_14_28_228.jpg,-0.06548496,0,0,12.24091
/Users/cesarluisjaitmanlabaton/Desktop/IMG/center_2017_09_26_10_14_28_330.jpg,/Users/cesarluisjaitmanlabaton/Desktop/IMG/left_2017_09_26_10_14_28_330.jpg,/Users/cesarluisjaitmanlabaton/Desktop/IMG/right_2017_09_26_10_14_28_330.jpg,-0.09334464,0,0,11.87742
/Users/cesarluisjaitmanlabaton/Desktop/IMG/center_2017_09_26_10_14_28_403.jpg,/Users/cesarluisjaitmanlabaton/Desktop/IMG/left_2017_09_26_10_14_28_403.jpg,/Users/cesarluisjaitmanlabaton/Desktop/IMG/right_2017_09_26_10_14_28_403.jpg,-0.09334464,0,0,12.04483
/Users/cesarluisjaitmanlabaton/Desktop/IMG/center_2017_09_26_10_14_28_483.jpg,/Users/cesarluisjaitmanlabaton/Desktop/IMG/left_2017_09_26_10_14_28_483.jpg,/Users/cesarluisjaitmanlabaton/Desktop/IMG/right_2017_09_26_10_14_28_483.jpg,-0.09334464,0,0,11.94717
/Users/cesarluisjaitmanlabaton/Desktop/IMG/center_2017_09_26_10_14_28_581.jpg,/Users/cesarluisjaitmanlabaton/Desktop/IMG/left_2017_09_26_10_14_28_581.jpg,/Users/cesarluisjaitmanlabaton/Desktop/IMG/right_2017_09_26_10_14_28_581.jpg,-0.09334464,0,0,11.59428
/Users/cesarluisjaitmanlabaton/Desktop/IMG/center_2017_09_26_10_14_28_656.jpg,/Users/cesarluisjaitmanlabaton/Desktop/IMG/left_2017_09_26_10_14_28_656.jpg,/Users/cesarluisjaitmanlabaton/Desktop/IMG/right_2017_09_26_10_14_28_656.jpg,-0.09334464,0,0,11.75743
/Users/cesarluisjaitmanlabaton/Desktop/IMG/center_2017_09_26_10_14_28_754.jpg,/Users/cesarluisjaitmanlabaton/Desktop/IMG/left_2017_09_26_10_14_28_754.jpg,/Users/cesarluisjaitmanlabaton/Desktop/IMG/right_2017_09_26_10_14_28_754.jpg,-0.09334464,0,0,11.40179
/Users/cesarluisjaitmanlabaton/Desktop/IMG/center_2017_09_26_10_14_28_832.jpg,/Users/cesarluisjaitmanlabaton/Desktop/IMG/left_2017_09_26_10_14_28_832.jpg,/Users/cesarluisjaitmanlabaton/Desktop/IMG/right_2017_09_26_10_14_28_832.jpg,-0.09334464,0,0,11.31175
/Users/cesarluisjaitmanlabaton/Desktop/IMG/center_2017_09_26_10_14_28_923.jpg,/Users/cesarluisjaitmanlabaton/Desktop/IMG/left_2017_09_26_10_14_28_923.jpg,/Users/cesarluisjaitmanlabaton/Desktop/IMG/right_2017_09_26_10_14_28_923.jpg,-0.09334464,0.2712929,0,11.6602
/Users/cesarluisjaitmanlabaton/Desktop/IMG/center_2017_09_26_10_14_29_015.jpg,/Users/cesarluisjaitmanlabaton/Desktop/IMG/left_2017_09_26_10_14_29_015.jpg,/Users/cesarluisjaitmanlabaton/Desktop/IMG/right_2017_09_26_10_14_29_015.jpg,-0.09334464,0,0,11.66899
/Users/cesarluisjaitmanlabaton/Desktop/IMG/center_2017_09_26_10_14_29_100.jpg,/Users/cesarluisjaitmanlabaton/Desktop/IMG/left_2017_09_26_10_14_29_100.jpg,/Users/cesarluisjaitmanlabaton/Desktop/IMG/right_2017_09_26_10_14_29_100.jpg,-0.09028597,0,0,11.35356
/Users/cesarluisjaitmanlabaton/Desktop/IMG/center_2017_09_26_10_14_29_273.jpg,/Users/cesarluisjaitmanlabaton/Desktop/IMG/left_2017_09_26_10_14_29_273.jpg,/Users/cesarluisjaitmanlabaton/Desktop/IMG/right_2017_09_26_10_14_29_273.jpg,-0.0688753,0,0,11.22319
/Users/cesarluisjaitmanlabaton/Desktop/IMG/center_2017_09_26_10_14_29_347.jpg,/Users/cesarluisjaitmanlabaton/Desktop/IMG/left_2017_09_26_10_14_29_347.jpg,/Users/cesarluisjaitmanlabaton/Desktop/IMG/right_2017_09_26_10_14_29_347.jpg,-0.06275796,0,0,11.10928
/Users/cesarluisjaitmanlabaton/Desktop/IMG/center_2017_09_26_10_14_29_413.jpg,/Users/cesarluisjaitmanlabaton/Desktop/IMG/left_2017_09_26_10_14_29_413.jpg,/Users/cesarluisjaitmanlabaton/Desktop/IMG/right_2017_09_26_10_14_29_413.jpg,-0.06275796,0,0,11.13064
/Users/cesarluisjaitmanlabaton/Desktop/IMG/center_2017_09_26_10_14_29_445.jpg,/Users/cesarluisjaitmanlabaton/Desktop/IMG/left_2017_09_26_10_14_29_445.jpg,/Users/cesarluisjaitmanlabaton/Desktop/IMG/right_2017_09_26_10_14_29_445.jpg,-0.06275796,0,0,11.08154
/Users/cesarluisjaitmanlabaton/Desktop/IMG/center_2017_09_26_10_14_29_556.jpg,/Users/cesarluisjaitmanlabaton/Desktop/IMG/left_2017_09_26_10_14_29_556.jpg,/Users/cesarluisjaitmanlabaton/Desktop/IMG/right_2017_09_26_10_14_29_556.jpg,-0.07204451,0,0,10.96996
/Users/cesarluisjaitmanlabaton/Desktop/IMG/center_2017_09_26_10_14_29_655.jpg,/Users/cesarluisjaitmanlabaton/Desktop/IMG/left_2017_09_26_10_14_29_655.jpg,/Users/cesarluisjaitmanlabaton/Desktop/IMG/right_2017_09_26_10_14_29_655.jpg,-0.08133107,0,0,10.85941
/Users/cesarluisjaitmanlabaton/Desktop/IMG/center_2017_09_26_10_14_29_779.jpg,/Users/cesarluisjaitmanlabaton/Desktop/IMG/left_2017_09_26_10_14_29_779.jpg,/Users/cesarluisjaitmanlabaton/Desktop/IMG/right_2017_09_26_10_14_29_779.jpg,-0.09680866,0,0,10.70632
/Users/cesarluisjaitmanlabaton/Desktop/IMG/center_2017_09_26_10_14_29_898.jpg,/Users/cesarluisjaitmanlabaton/Desktop/IMG/left_2017_09_26_10_14_29_898.jpg,/Users/cesarluisjaitmanlabaton/Desktop/IMG/right_2017_09_26_10_14_29_898.jpg,-0.1091907,0,0,10.57668
/Users/cesarluisjaitmanlabaton/Desktop/IMG/center_2017_09_26_10_14_29_967.jpg,/Users/cesarluisjaitmanlabaton/Desktop/IMG/left_2017_09_26_10_14_29_967.jpg,/Users/cesarluisjaitmanlabaton/Desktop/IMG/right_2017_09_26_10_14_29_967.jpg,-0.1122863,0,0,10.51258
/Users/cesarluisjaitmanlabaton/Desktop/IMG/center_2017_09_26_10_14_30_054.jpg,/Users/cesarluisjaitmanlabaton/Desktop/IMG/left_2017_09_26_10_14_30_054.jpg,/Users/cesarluisjaitmanlabaton/Desktop/IMG/right_2017_09_26_10_14_30_054.jpg,-0.1122863,0,0,10.42793
/Users/cesarluisjaitmanlabaton/Desktop/IMG/center_2017_09_26_10_14_30_139.jpg,/Users/cesarluisjaitmanlabaton/Desktop/IMG/left_2017_09_26_10_14_30_139.jpg,/Users/cesarluisjaitmanlabaton/Desktop/IMG/right_2017_09_26_10_14_30_139.jpg,-0.1122863,0,0,10.32319
/Users/cesarluisjaitmanlabaton/Desktop/IMG/center_2017_09_26_10_14_30_235.jpg,/Users/cesarluisjaitmanlabaton/Desktop/IMG/left_2017_09_26_10_14_30_235.jpg,/Users/cesarluisjaitmanlabaton/Desktop/IMG/right_2017_09_26_10_14_30_235.jpg,-0.1031103,0,0,10.24048
/Users/cesarluisjaitmanlabaton/Desktop/IMG/center_2017_09_26_10_14_30_316.jpg,/Users/cesarluisjaitmanlabaton/Desktop/IMG/left_2017_09_26_10_14_30_316.jpg,/Users/cesarluisjaitmanlabaton/Desktop/IMG/right_2017_09_26_10_14_30_316.jpg,-0.09393426,0.2441579,0,10.37539
/Users/cesarluisjaitmanlabaton/Desktop/IMG/center_2017_09_26_10_14_30_431.jpg,/Users/cesarluisjaitmanlabaton/Desktop/IMG/left_2017_09_26_10_14_30_431.jpg,/Users/cesarluisjaitmanlabaton/Desktop/IMG/right_2017_09_26_10_14_30_431.jpg,-0.09087559,0,0,10.27131
/Users/cesarluisjaitmanlabaton/Desktop/IMG/center_2017_09_26_10_14_30_511.jpg,/Users/cesarluisjaitmanlabaton/Desktop/IMG/left_2017_09_26_10_14_30_511.jpg,/Users/cesarluisjaitmanlabaton/Desktop/IMG/right_2017_09_26_10_14_30_511.jpg,-0.09087559,0,0,10.18881
/Users/cesarluisjaitmanlabaton/Desktop/IMG/center_2017_09_26_10_14_30_644.jpg,/Users/cesarluisjaitmanlabaton/Desktop/IMG/left_2017_09_26_10_14_30_644.jpg,/Users/cesarluisjaitmanlabaton/Desktop/IMG/right_2017_09_26_10_14_30_644.jpg,-0.09087559,0,0,10.04595
/Users/cesarluisjaitmanlabaton/Desktop/IMG/center_2017_09_26_10_14_30_758.jpg,/Users/cesarluisjaitmanlabaton/Desktop/IMG/left_2017_09_26_10_14_30_758.jpg,/Users/cesarluisjaitmanlabaton/Desktop/IMG/right_2017_09_26_10_14_30_758.jpg,-0.09087559,0,0,9.924952
/Users/cesarluisjaitmanlabaton/Desktop/IMG/center_2017_09_26_10_14_30_847.jpg,/Users/cesarluisjaitmanlabaton/Desktop/IMG/left_2017_09_26_10_14_30_847.jpg,/Users/cesarluisjaitmanlabaton/Desktop/IMG/right_2017_09_26_10_14_30_847.jpg,-0.09087559,0,0,9.845177
/Users/cesarluisjaitmanlabaton/Desktop/IMG/center_2017_09_26_10_14_30_941.jpg,/Users/cesarluisjaitmanlabaton/Desktop/IMG/left_2017_09_26_10_14_30_941.jpg,/Users/cesarluisjaitmanlabaton/Desktop/IMG/right_2017_09_26_10_14_30_941.jpg,-0.09087559,0,0,9.74636
/Users/cesarluisjaitmanlabaton/Desktop/IMG/center_2017_09_26_10_14_31_051.jpg,/Users/cesarluisjaitmanlabaton/Desktop/IMG/left_2017_09_26_10_14_31_051.jpg,/Users/cesarluisjaitmanlabaton/Desktop/IMG/right_2017_09_26_10_14_31_051.jpg,-0.09087559,0,0,9.648538
/Users/cesarluisjaitmanlabaton/Desktop/IMG/center_2017_09_26_10_14_31_135.jpg,/Users/cesarluisjaitmanlabaton/Desktop/IMG/left_2017_09_26_10_14_31_135.jpg,/Users/cesarluisjaitmanlabaton/Desktop/IMG/right_2017_09_26_10_14_31_135.jpg,-0.09397111,0,0,9.570893
/Users/cesarluisjaitmanlabaton/Desktop/IMG/center_2017_09_26_10_14_31_224.jpg,/Users/cesarluisjaitmanlabaton/Desktop/IMG/left_2017_09_26_10_14_31_224.jpg,/Users/cesarluisjaitmanlabaton/Desktop/IMG/right_2017_09_26_10_14_31_224.jpg,-0.09397111,0,0,9.474796
/Users/cesarluisjaitmanlabaton/Desktop/IMG/center_2017_09_26_10_14_31_295.jpg,/Users/cesarluisjaitmanlabaton/Desktop/IMG/left_2017_09_26_10_14_31_295.jpg,/Users/cesarluisjaitmanlabaton/Desktop/IMG/right_2017_09_26_10_14_31_295.jpg,-0.09397111,0,0,9.417615
/Users/cesarluisjaitmanlabaton/Desktop/IMG/center_2017_09_26_10_14_31_393.jpg,/Users/cesarluisjaitmanlabaton/Desktop/IMG/left_2017_09_26_10_14_31_393.jpg,/Users/cesarluisjaitmanlabaton/Desktop/IMG/right_2017_09_26_10_14_31_393.jpg,-0.09091244,0,0,9.323072
/Users/cesarluisjaitmanlabaton/Desktop/IMG/center_2017_09_26_10_14_31_523.jpg,/Users/cesarluisjaitmanlabaton/Desktop/IMG/left_2017_09_26_10_14_31_523.jpg,/Users/cesarluisjaitmanlabaton/Desktop/IMG/right_2017_09_26_10_14_31_523.jpg,-0.07867777,0,0,9.192636
/Users/cesarluisjaitmanlabaton/Desktop/IMG/center_2017_09_26_10_14_31_636.jpg,/Users/cesarluisjaitmanlabaton/Desktop/IMG/left_2017_09_26_10_14_31_636.jpg,/Users/cesarluisjaitmanlabaton/Desktop/IMG/right_2017_09_26_10_14_31_636.jpg,-0.07256044,0,0,9.100556
/Users/cesarluisjaitmanlabaton/Desktop/IMG/center_2017_09_26_10_14_31_775.jpg,/Users/cesarluisjaitmanlabaton/Desktop/IMG/left_2017_09_26_10_14_31_775.jpg,/Users/cesarluisjaitmanlabaton/Desktop/IMG/right_2017_09_26_10_14_31_775.jpg,-0.07256044,0,0,8.973018
/Users/cesarluisjaitmanlabaton/Desktop/IMG/center_2017_09_26_10_14_31_844.jpg,/Users/cesarluisjaitmanlabaton/Desktop/IMG/left_2017_09_26_10_14_31_844.jpg,/Users/cesarluisjaitmanlabaton/Desktop/IMG/right_2017_09_26_10_14_31_844.jpg,0,0,0,8.899855
